n_train,n_test,batch,pred_unknown,sig2e,beta,sig2b0,q0,experiment,exp_type,mse,mae,r2,frobenius,spearman,nrmse,auc_embed,metric_pre_post,sig2e_est,sig2b_est0,nll_train,nll_test,n_epochs,time,n_params,encoder,decoder,patience
1000,100000,100,FALSE,1,0.001,1,100,0,ignore,5.86655,1.92959,0.103569,,,,,,,,,,47,6.28369,231,"[100, 100]","[10, 10]",10
1000,100000,100,FALSE,1,0.001,1,100,0,mean-encoding,5.62311,1.88969,0.140767,,,,,,,,,,113,8.57439,331,"[100, 100]","[10, 10]",10
1000,100000,100,FALSE,1,0.001,1,100,0,embeddings,3.74647,1.50926,0.427526,0.925399,0.279121,0.519294,0.6172,,,0.0136928,,,43,4.22936,1331,"[100, 100]","[10, 10]",10
1000,100000,100,FALSE,1,0.001,1,100,0,embeddings-l2,3.81918,1.53101,0.416415,0.964195,0.264131,0.541065,0.5948,,,0.00349519,,,42,4.22618,1331,"[100, 100]","[10, 10]",10
1000,100000,100,FALSE,1,0.001,1,100,0,hashing,3.68125,1.49714,0.437491,,,,,,,,,,90,8.09913,10471,"[100, 100]","[10, 10]",10
1000,100000,100,FALSE,1,0.001,1,100,0,regbeddings,5.94764,1.94456,0.091179,0.951332,0.239928,0.533846,0.6248,,,0.00543445,,,35,6.45477,2331,"[100, 100]","[10, 10]",10
1000,100000,100,FALSE,1,0.001,1,100,0,tabtransformer,4.03392,1.57305,0.383602,,,,,,,,,,28,15.4854,8687,"[100, 100]","[10, 10]",10
1000,100000,100,FALSE,1,0.001,1,100,0,mmbeddings,3.49443,1.45793,0.466038,0.561327,0.257735,0.314993,0.736,3.5503,,0.680213,,,43,6.45154,13651,"[100, 100]","[10, 10]",10
1000,100000,100,FALSE,1,0.001,1,100,1,ignore,5.50478,1.86583,0.0773235,,,,,,,,,,181,11.2774,231,"[100, 100]","[10, 10]",10
1000,100000,100,FALSE,1,0.001,1,100,1,mean-encoding,5.18483,1.81055,0.130952,,,,,,,,,,68,6.07541,331,"[100, 100]","[10, 10]",10
1000,100000,100,FALSE,1,0.001,1,100,1,embeddings,3.4596,1.46758,0.420124,0.931536,0.274452,0.414669,0.6356,,,0.0122716,,,54,6.25278,1331,"[100, 100]","[10, 10]",10
1000,100000,100,FALSE,1,0.001,1,100,1,embeddings-l2,3.39704,1.45248,0.43061,0.974293,0.268171,0.433702,0.5872,,,0.00191612,,,63,4.88878,1331,"[100, 100]","[10, 10]",10
1000,100000,100,FALSE,1,0.001,1,100,1,hashing,3.32153,1.43427,0.443266,,,,,,,,,,84,13.6358,10471,"[100, 100]","[10, 10]",10
1000,100000,100,FALSE,1,0.001,1,100,1,regbeddings,4.79378,1.73878,0.196497,0.882338,0.239972,0.392769,0.5908,,,0.0404088,,,63,7.64597,2331,"[100, 100]","[10, 10]",10
1000,100000,100,FALSE,1,0.001,1,100,1,tabtransformer,3.80476,1.54178,0.36227,,,,,,,,,,32,13.7517,8687,"[100, 100]","[10, 10]",10
1000,100000,100,FALSE,1,0.001,1,100,1,mmbeddings,3.16684,1.40117,0.469194,0.577633,0.270423,0.25713,0.74,3.18186,,0.567404,,,79,10.5422,13651,"[100, 100]","[10, 10]",10
1000,100000,100,FALSE,1,0.001,1,100,2,ignore,5.21056,1.80172,0.113961,,,,,,,,,,123,7.82816,231,"[100, 100]","[10, 10]",10
1000,100000,100,FALSE,1,0.001,1,100,2,mean-encoding,5.14042,1.78262,0.125887,,,,,,,,,,73,8.50757,331,"[100, 100]","[10, 10]",10
1000,100000,100,FALSE,1,0.001,1,100,2,embeddings,3.48941,1.44596,0.406637,0.930423,0.253692,0.479234,0.6276,,,0.0141148,,,45,4.21791,1331,"[100, 100]","[10, 10]",10
1000,100000,100,FALSE,1,0.001,1,100,2,embeddings-l2,3.5367,1.45554,0.398596,0.976443,0.291017,0.502937,0.5868,,,0.00163806,,,95,7.38661,1331,"[100, 100]","[10, 10]",10
1000,100000,100,FALSE,1,0.001,1,100,2,hashing,3.50415,1.45314,0.40413,,,,,,,,,,41,5.44717,10471,"[100, 100]","[10, 10]",10
1000,100000,100,FALSE,1,0.001,1,100,2,regbeddings,5.26118,1.80851,0.105353,0.931488,0.179339,0.479782,0.6084,,,0.0147749,,,48,7.98603,2331,"[100, 100]","[10, 10]",10
1000,100000,100,FALSE,1,0.001,1,100,2,tabtransformer,3.96594,1.5405,0.325604,,,,,,,,,,21,12.4728,8687,"[100, 100]","[10, 10]",10
1000,100000,100,FALSE,1,0.001,1,100,2,mmbeddings,3.5584,1.45283,0.394906,0.622384,0.314397,0.320572,0.6456,3.6272,,0.574878,,,69,7.8198,13651,"[100, 100]","[10, 10]",10
1000,100000,100,FALSE,1,0.001,1,100,3,ignore,6.3304,1.99137,0.097004,,,,,,,,,,102,7.12935,231,"[100, 100]","[10, 10]",10
1000,100000,100,FALSE,1,0.001,1,100,3,mean-encoding,6.06963,1.952,0.134202,,,,,,,,,,127,6.75746,331,"[100, 100]","[10, 10]",10
1000,100000,100,FALSE,1,0.001,1,100,3,embeddings,4.06209,1.57267,0.420566,0.926317,0.30105,0.48589,0.6468,,,0.0145981,,,44,6.43411,1331,"[100, 100]","[10, 10]",10
1000,100000,100,FALSE,1,0.001,1,100,3,embeddings-l2,4.00568,1.56006,0.428612,0.972703,0.344511,0.510221,0.5356,,,0.00213399,,,72,6.29406,1331,"[100, 100]","[10, 10]",10
1000,100000,100,FALSE,1,0.001,1,100,3,hashing,3.90881,1.54293,0.44243,,,,,,,,,,73,7.10242,10471,"[100, 100]","[10, 10]",10
1000,100000,100,FALSE,1,0.001,1,100,3,regbeddings,5.67919,1.88206,0.189897,0.887176,0.28199,0.465359,0.6208,,,0.0382263,,,72,8.01425,2331,"[100, 100]","[10, 10]",10
1000,100000,100,FALSE,1,0.001,1,100,3,tabtransformer,4.25998,1.60859,0.392339,,,,,,,,,,20,12.3024,8687,"[100, 100]","[10, 10]",10
1000,100000,100,FALSE,1,0.001,1,100,3,mmbeddings,3.80916,1.51811,0.456645,0.530009,0.324967,0.27801,0.6768,3.81534,,0.869521,,,108,15.1923,13651,"[100, 100]","[10, 10]",10
1000,100000,100,FALSE,1,0.001,1,100,4,ignore,5.17271,1.79369,0.163648,,,,,,,,,,58,5.49632,231,"[100, 100]","[10, 10]",10
1000,100000,100,FALSE,1,0.001,1,100,4,mean-encoding,5.10447,1.78015,0.17468,,,,,,,,,,48,4.79993,331,"[100, 100]","[10, 10]",10
1000,100000,100,FALSE,1,0.001,1,100,4,embeddings,3.19774,1.40176,0.482971,0.905237,0.280817,0.446128,0.6424,,,0.0193919,,,103,8.9585,1331,"[100, 100]","[10, 10]",10
1000,100000,100,FALSE,1,0.001,1,100,4,embeddings-l2,3.0627,1.37309,0.504805,0.973635,0.402831,0.479837,0.634,,,0.00149567,,,110,8.6427,1331,"[100, 100]","[10, 10]",10
1000,100000,100,FALSE,1,0.001,1,100,4,hashing,3.01974,1.3636,0.511752,,,,,,,,,,112,11.5469,10471,"[100, 100]","[10, 10]",10
1000,100000,100,FALSE,1,0.001,1,100,4,regbeddings,5.35124,1.82375,0.134781,0.956016,0.233428,0.471153,0.5988,,,0.00421674,,,26,6.04453,2331,"[100, 100]","[10, 10]",10
1000,100000,100,FALSE,1,0.001,1,100,4,tabtransformer,3.59038,1.49195,0.419487,,,,,,,,,,42,14.3922,8687,"[100, 100]","[10, 10]",10
1000,100000,100,FALSE,1,0.001,1,100,4,mmbeddings,2.99304,1.35789,0.516068,0.528076,0.424688,0.260252,0.6496,3.03224,,0.630437,,,110,10.3373,13651,"[100, 100]","[10, 10]",10
1000,100000,100,FALSE,1,0.001,1,100,5,ignore,4.10815,1.60188,0.18415,,,,,,,,,,38,4.15366,231,"[100, 100]","[10, 10]",10
1000,100000,100,FALSE,1,0.001,1,100,5,mean-encoding,3.97766,1.57386,0.210063,,,,,,,,,,75,6.12343,331,"[100, 100]","[10, 10]",10
1000,100000,100,FALSE,1,0.001,1,100,5,embeddings,3.59299,1.48513,0.286456,0.907762,0.108729,0.468498,0.768,,,0.0180088,,,72,6.29879,1331,"[100, 100]","[10, 10]",10
1000,100000,100,FALSE,1,0.001,1,100,5,embeddings-l2,3.72457,1.51672,0.260327,0.96825,0.145415,0.499716,0.7656,,,0.00235214,,,39,6.04242,1331,"[100, 100]","[10, 10]",10
1000,100000,100,FALSE,1,0.001,1,100,5,hashing,3.39378,1.4459,0.326018,,,,,,,,,,53,7.74444,10471,"[100, 100]","[10, 10]",10
1000,100000,100,FALSE,1,0.001,1,100,5,regbeddings,4.61713,1.68909,0.0830695,0.966892,0.0430921,0.499015,0.7228,,,0.00219083,,,17,4.21888,2331,"[100, 100]","[10, 10]",10
1000,100000,100,FALSE,1,0.001,1,100,5,tabtransformer,4.12507,1.58855,0.180789,,,,,,,,,,59,16.1376,8687,"[100, 100]","[10, 10]",10
1000,100000,100,FALSE,1,0.001,1,100,5,mmbeddings,3.06682,1.37578,0.390951,0.580513,0.22966,0.299604,0.8548,3.09619,,0.435327,,,72,8.87146,13651,"[100, 100]","[10, 10]",10
1000,100000,100,FALSE,1,0.001,1,100,6,ignore,6.08907,1.92619,0.088677,,,,,,,,,,76,4.9034,231,"[100, 100]","[10, 10]",10
1000,100000,100,FALSE,1,0.001,1,100,6,mean-encoding,6.0427,1.92287,0.0956172,,,,,,,,,,79,8.50644,331,"[100, 100]","[10, 10]",10
1000,100000,100,FALSE,1,0.001,1,100,6,embeddings,4.69184,1.67942,0.297793,0.925872,0.209411,0.4868,0.6564,,,0.0149709,,,41,4.87104,1331,"[100, 100]","[10, 10]",10
1000,100000,100,FALSE,1,0.001,1,100,6,embeddings-l2,4.80456,1.70275,0.280923,0.96809,0.185755,0.508997,0.6112,,,0.00320569,,,43,7.52077,1331,"[100, 100]","[10, 10]",10
1000,100000,100,FALSE,1,0.001,1,100,6,hashing,4.59971,1.65629,0.311582,,,,,,,,,,61,6.18563,10471,"[100, 100]","[10, 10]",10
1000,100000,100,FALSE,1,0.001,1,100,6,regbeddings,5.716,1.8628,0.144512,0.87524,0.162882,0.460179,0.6812,,,0.047036,,,85,13.5613,2331,"[100, 100]","[10, 10]",10
1000,100000,100,FALSE,1,0.001,1,100,6,tabtransformer,4.90334,1.7269,0.266139,,,,,,,,,,17,11.7351,8687,"[100, 100]","[10, 10]",10
1000,100000,100,FALSE,1,0.001,1,100,6,mmbeddings,4.69723,1.67882,0.296987,0.660791,0.112289,0.347427,0.7028,4.64361,,0.417379,,,51,8.33455,13651,"[100, 100]","[10, 10]",10
1000,100000,100,FALSE,1,0.001,1,100,7,ignore,4.52387,1.66943,0.161173,,,,,,,,,,66,4.67387,231,"[100, 100]","[10, 10]",10
1000,100000,100,FALSE,1,0.001,1,100,7,mean-encoding,4.30146,1.6238,0.202413,,,,,,,,,,84,6.75581,331,"[100, 100]","[10, 10]",10
1000,100000,100,FALSE,1,0.001,1,100,7,embeddings,2.67245,1.28449,0.504469,0.904521,0.357394,0.459723,0.646,,,0.0150744,,,47,4.29182,1331,"[100, 100]","[10, 10]",10
1000,100000,100,FALSE,1,0.001,1,100,7,embeddings-l2,2.64469,1.2786,0.509615,0.966088,0.394374,0.491014,0.5916,,,0.00212771,,,58,4.91873,1331,"[100, 100]","[10, 10]",10
1000,100000,100,FALSE,1,0.001,1,100,7,hashing,2.6418,1.27667,0.510152,,,,,,,,,,39,6.52401,10471,"[100, 100]","[10, 10]",10
1000,100000,100,FALSE,1,0.001,1,100,7,regbeddings,4.78439,1.7178,0.112867,0.947253,0.287839,0.481441,0.6116,,,0.00449249,,,29,4.81376,2331,"[100, 100]","[10, 10]",10
1000,100000,100,FALSE,1,0.001,1,100,7,tabtransformer,3.1813,1.40616,0.410117,,,,,,,,,,15,12.6395,8687,"[100, 100]","[10, 10]",10
1000,100000,100,FALSE,1,0.001,1,100,7,mmbeddings,2.43702,1.22683,0.548122,0.52248,0.41081,0.26555,0.6712,2.48957,,0.4275,,,139,13.4025,13651,"[100, 100]","[10, 10]",10
1000,100000,100,FALSE,1,0.001,1,100,8,ignore,5.09403,1.79351,0.101205,,,,,,,,,,43,3.88619,231,"[100, 100]","[10, 10]",10
1000,100000,100,FALSE,1,0.001,1,100,8,mean-encoding,5.05223,1.78658,0.108581,,,,,,,,,,40,6.02598,331,"[100, 100]","[10, 10]",10
1000,100000,100,FALSE,1,0.001,1,100,8,embeddings,3.67034,1.49721,0.352402,0.915001,0.271865,0.470589,0.7036,,,0.0170534,,,43,5.18799,1331,"[100, 100]","[10, 10]",10
1000,100000,100,FALSE,1,0.001,1,100,8,embeddings-l2,3.86308,1.53279,0.318395,0.968286,0.343228,0.497994,0.7244,,,0.00221765,,,100,9.0555,1331,"[100, 100]","[10, 10]",10
1000,100000,100,FALSE,1,0.001,1,100,8,hashing,3.6218,1.48654,0.360966,,,,,,,,,,64,5.77748,10471,"[100, 100]","[10, 10]",10
1000,100000,100,FALSE,1,0.001,1,100,8,regbeddings,5.33559,1.83233,0.0585838,0.953021,0.166241,0.490143,0.6404,,,0.00534747,,,28,5.91413,2331,"[100, 100]","[10, 10]",10
1000,100000,100,FALSE,1,0.001,1,100,8,tabtransformer,3.94951,1.5659,0.303145,,,,,,,,,,83,16.199,8687,"[100, 100]","[10, 10]",10
1000,100000,100,FALSE,1,0.001,1,100,8,mmbeddings,3.57281,1.47705,0.36961,0.516681,0.310711,0.265732,0.7104,3.85582,,1.32443,,,32,5.48571,13651,"[100, 100]","[10, 10]",10
1000,100000,100,FALSE,1,0.001,1,100,9,ignore,3.54744,1.47142,0.193174,,,,,,,,,,101,7.05308,231,"[100, 100]","[10, 10]",10
1000,100000,100,FALSE,1,0.001,1,100,9,mean-encoding,3.52717,1.4697,0.197784,,,,,,,,,,71,6.06857,331,"[100, 100]","[10, 10]",10
1000,100000,100,FALSE,1,0.001,1,100,9,embeddings,3.10631,1.36908,0.293503,0.925089,0.164869,0.478579,0.6056,,,0.00985581,,,34,5.878,1331,"[100, 100]","[10, 10]",10
1000,100000,100,FALSE,1,0.001,1,100,9,embeddings-l2,3.11602,1.37008,0.291295,0.969046,0.211632,0.501319,0.5876,,,0.0017783,,,41,5.17904,1331,"[100, 100]","[10, 10]",10
1000,100000,100,FALSE,1,0.001,1,100,9,hashing,2.95095,1.33229,0.328837,,,,,,,,,,55,8.59004,10471,"[100, 100]","[10, 10]",10
1000,100000,100,FALSE,1,0.001,1,100,9,regbeddings,3.52201,1.46405,0.198956,0.919811,0.157779,0.475848,0.6112,,,0.0110982,,,67,9.09882,2331,"[100, 100]","[10, 10]",10
1000,100000,100,FALSE,1,0.001,1,100,9,tabtransformer,3.61051,1.47681,0.178828,,,,,,,,,,33,10.6976,8687,"[100, 100]","[10, 10]",10
1000,100000,100,FALSE,1,0.001,1,100,9,mmbeddings,2.94705,1.32937,0.329725,0.596158,0.285893,0.308412,0.668,2.96316,,0.325061,,,109,15.9347,13651,"[100, 100]","[10, 10]",10
1000,100000,100,FALSE,1,0.001,1,100,10,ignore,5.61212,1.88521,0.146823,,,,,,,,,,94,7.48947,231,"[100, 100]","[10, 10]",10
1000,100000,100,FALSE,1,0.001,1,100,10,mean-encoding,5.46453,1.86157,0.16926,,,,,,,,,,163,10.8351,331,"[100, 100]","[10, 10]",10
1000,100000,100,FALSE,1,0.001,1,100,10,embeddings,3.65053,1.49635,0.445032,0.900981,0.272797,0.482941,0.8084,,,0.0187472,,,96,8.59057,1331,"[100, 100]","[10, 10]",10
1000,100000,100,FALSE,1,0.001,1,100,10,embeddings-l2,3.60772,1.49031,0.451539,0.969766,0.330547,0.519811,0.8096,,,0.00181689,,,87,7.82248,1331,"[100, 100]","[10, 10]",10
1000,100000,100,FALSE,1,0.001,1,100,10,hashing,3.99476,1.5528,0.3927,,,,,,,,,,70,9.43453,10471,"[100, 100]","[10, 10]",10
1000,100000,100,FALSE,1,0.001,1,100,10,regbeddings,5.49097,1.86157,0.165241,0.924665,0.266187,0.495636,0.808,,,0.0114989,,,49,6.82741,2331,"[100, 100]","[10, 10]",10
1000,100000,100,FALSE,1,0.001,1,100,10,tabtransformer,3.74041,1.5191,0.431368,,,,,,,,,,43,13.2876,8687,"[100, 100]","[10, 10]",10
1000,100000,100,FALSE,1,0.001,1,100,10,mmbeddings,3.31128,1.42283,0.496606,0.536399,0.33722,0.287519,0.8232,3.33598,,0.573494,,,119,11.7508,13651,"[100, 100]","[10, 10]",10
1000,100000,100,FALSE,1,0.001,1,100,11,ignore,5.23728,1.79905,0.124908,,,,,,,,,,50,5.89871,231,"[100, 100]","[10, 10]",10
1000,100000,100,FALSE,1,0.001,1,100,11,mean-encoding,5.10907,1.77197,0.14633,,,,,,,,,,60,4.68549,331,"[100, 100]","[10, 10]",10
1000,100000,100,FALSE,1,0.001,1,100,11,embeddings,4.1324,1.56328,0.30952,0.915976,0.242745,0.5268,0.652,,,0.0168191,,,108,8.2234,1331,"[100, 100]","[10, 10]",10
1000,100000,100,FALSE,1,0.001,1,100,11,embeddings-l2,4.1464,1.57565,0.307182,0.96985,0.264728,0.557784,0.5684,,,0.00228263,,,100,6.90037,1331,"[100, 100]","[10, 10]",10
1000,100000,100,FALSE,1,0.001,1,100,11,hashing,3.98484,1.54089,0.334177,,,,,,,,,,96,11.1369,10471,"[100, 100]","[10, 10]",10
1000,100000,100,FALSE,1,0.001,1,100,11,regbeddings,5.50592,1.84408,0.0800202,0.963735,0.152248,0.554267,0.6024,,,0.00328977,,,24,4.68836,2331,"[100, 100]","[10, 10]",10
1000,100000,100,FALSE,1,0.001,1,100,11,tabtransformer,4.63266,1.67217,0.225933,,,,,,,,,,27,14.8048,8687,"[100, 100]","[10, 10]",10
1000,100000,100,FALSE,1,0.001,1,100,11,mmbeddings,3.90213,1.52872,0.347996,0.556454,0.228082,0.32003,0.6068,3.92416,,0.69757,,,121,12.8868,13651,"[100, 100]","[10, 10]",10
1000,100000,100,FALSE,1,0.001,1,100,12,ignore,4.78405,1.73066,0.139852,,,,,,,,,,98,8.42743,231,"[100, 100]","[10, 10]",10
1000,100000,100,FALSE,1,0.001,1,100,12,mean-encoding,4.57984,1.69349,0.176567,,,,,,,,,,108,7.34002,331,"[100, 100]","[10, 10]",10
1000,100000,100,FALSE,1,0.001,1,100,12,embeddings,3.54436,1.48957,0.362741,0.900358,0.332859,0.481278,0.8268,,,0.0224627,,,123,13.0135,1331,"[100, 100]","[10, 10]",10
1000,100000,100,FALSE,1,0.001,1,100,12,embeddings-l2,3.52473,1.48442,0.36627,0.968908,0.275839,0.517921,0.7548,,,0.00232768,,,134,8.69181,1331,"[100, 100]","[10, 10]",10
1000,100000,100,FALSE,1,0.001,1,100,12,hashing,3.33711,1.43708,0.400003,,,,,,,,,,89,7.75225,10471,"[100, 100]","[10, 10]",10
1000,100000,100,FALSE,1,0.001,1,100,12,regbeddings,4.64393,1.7037,0.165043,0.913307,0.144728,0.4882,0.7664,,,0.0189254,,,68,7.14445,2331,"[100, 100]","[10, 10]",10
1000,100000,100,FALSE,1,0.001,1,100,12,tabtransformer,3.63666,1.50437,0.346146,,,,,,,,,,40,14.567,8687,"[100, 100]","[10, 10]",10
1000,100000,100,FALSE,1,0.001,1,100,12,mmbeddings,3.22356,1.41648,0.42042,0.634806,0.197264,0.33933,0.742,3.25174,,0.362145,,,157,14.0722,13651,"[100, 100]","[10, 10]",10
1000,100000,100,FALSE,1,0.001,1,100,13,ignore,4.99528,1.74791,0.113887,,,,,,,,,,104,8.38648,231,"[100, 100]","[10, 10]",10
1000,100000,100,FALSE,1,0.001,1,100,13,mean-encoding,4.89577,1.7308,0.13154,,,,,,,,,,51,5.26726,331,"[100, 100]","[10, 10]",10
1000,100000,100,FALSE,1,0.001,1,100,13,embeddings,3.62912,1.46395,0.356231,0.915143,0.193114,0.455836,0.6372,,,0.0193004,,,66,6.26434,1331,"[100, 100]","[10, 10]",10
1000,100000,100,FALSE,1,0.001,1,100,13,embeddings-l2,3.62158,1.46802,0.357568,0.978142,0.220069,0.487216,0.5972,,,0.00128467,,,96,6.08647,1331,"[100, 100]","[10, 10]",10
1000,100000,100,FALSE,1,0.001,1,100,13,hashing,3.71852,1.48669,0.340371,,,,,,,,,,37,8.53206,10471,"[100, 100]","[10, 10]",10
1000,100000,100,FALSE,1,0.001,1,100,13,regbeddings,4.8708,1.72593,0.135969,0.935953,0.168458,0.466201,0.5716,,,0.0119126,,,43,7.1414,2331,"[100, 100]","[10, 10]",10
1000,100000,100,FALSE,1,0.001,1,100,13,tabtransformer,3.97229,1.54373,0.295355,,,,,,,,,,22,12.3301,8687,"[100, 100]","[10, 10]",10
1000,100000,100,FALSE,1,0.001,1,100,13,mmbeddings,3.53527,1.44409,0.372879,0.608131,0.124221,0.302912,0.6616,3.53968,,0.540783,,,144,14.4763,13651,"[100, 100]","[10, 10]",10
1000,100000,100,FALSE,1,0.001,1,100,14,ignore,6.35742,1.9745,0.106125,,,,,,,,,,80,8.41355,231,"[100, 100]","[10, 10]",10
1000,100000,100,FALSE,1,0.001,1,100,14,mean-encoding,6.12498,1.93626,0.138807,,,,,,,,,,41,3.83402,331,"[100, 100]","[10, 10]",10
1000,100000,100,FALSE,1,0.001,1,100,14,embeddings,4.6855,1.65945,0.341202,0.908102,0.344273,0.458379,0.7604,,,0.021746,,,110,12.5997,1331,"[100, 100]","[10, 10]",10
1000,100000,100,FALSE,1,0.001,1,100,14,embeddings-l2,5.24742,1.77427,0.262195,0.970214,0.308455,0.489731,0.744,,,0.00244128,,,99,8.69984,1331,"[100, 100]","[10, 10]",10
1000,100000,100,FALSE,1,0.001,1,100,14,hashing,4.76931,1.67329,0.329419,,,,,,,,,,184,12.1393,10471,"[100, 100]","[10, 10]",10
1000,100000,100,FALSE,1,0.001,1,100,14,regbeddings,6.60002,2.00315,0.0720152,0.947639,0.124403,0.478335,0.6452,,,0.0080796,,,37,5.45284,2331,"[100, 100]","[10, 10]",10
1000,100000,100,FALSE,1,0.001,1,100,14,tabtransformer,4.89557,1.71756,0.311667,,,,,,,,,,61,14.6796,8687,"[100, 100]","[10, 10]",10
1000,100000,100,FALSE,1,0.001,1,100,14,mmbeddings,4.0905,1.56472,0.424862,0.582305,0.278369,0.293927,0.7864,4.51922,,0.589651,,,69,12.4739,13651,"[100, 100]","[10, 10]",10
1000,100000,100,FALSE,1,0.001,1,100,15,ignore,3.93523,1.56167,0.218555,,,,,,,,,,84,5.22246,231,"[100, 100]","[10, 10]",10
1000,100000,100,FALSE,1,0.001,1,100,15,mean-encoding,3.87553,1.55138,0.230409,,,,,,,,,,55,6.70313,331,"[100, 100]","[10, 10]",10
1000,100000,100,FALSE,1,0.001,1,100,15,embeddings,3.59161,1.48119,0.286791,0.934445,0.164945,0.433066,0.6852,,,0.00856951,,,43,4.15789,1331,"[100, 100]","[10, 10]",10
1000,100000,100,FALSE,1,0.001,1,100,15,embeddings-l2,3.43488,1.44741,0.317914,0.969637,0.238524,0.449376,0.6588,,,0.00196905,,,41,5.52372,1331,"[100, 100]","[10, 10]",10
1000,100000,100,FALSE,1,0.001,1,100,15,hashing,3.32426,1.4226,0.339879,,,,,,,,,,52,5.41268,10471,"[100, 100]","[10, 10]",10
1000,100000,100,FALSE,1,0.001,1,100,15,regbeddings,3.88067,1.55012,0.229389,0.925855,0.129513,0.429085,0.6092,,,0.0113311,,,61,9.95165,2331,"[100, 100]","[10, 10]",10
1000,100000,100,FALSE,1,0.001,1,100,15,tabtransformer,3.87209,1.53903,0.231093,,,,,,,,,,34,14.8811,8687,"[100, 100]","[10, 10]",10
1000,100000,100,FALSE,1,0.001,1,100,15,mmbeddings,3.48539,1.45522,0.307882,0.610237,0.240882,0.282813,0.7004,3.48573,,0.366914,,,116,13.4793,13651,"[100, 100]","[10, 10]",10
1000,100000,100,FALSE,1,0.001,1,100,16,ignore,5.42961,1.82545,0.130611,,,,,,,,,,52,4.1486,231,"[100, 100]","[10, 10]",10
1000,100000,100,FALSE,1,0.001,1,100,16,mean-encoding,5.4459,1.82907,0.128002,,,,,,,,,,126,12.4505,331,"[100, 100]","[10, 10]",10
1000,100000,100,FALSE,1,0.001,1,100,16,embeddings,4.13944,1.57382,0.337193,0.898547,0.300559,0.43115,0.7184,,,0.0239718,,,157,10.0267,1331,"[100, 100]","[10, 10]",10
1000,100000,100,FALSE,1,0.001,1,100,16,embeddings-l2,4.68071,1.68247,0.250525,0.971072,0.206279,0.465949,0.644,,,0.0024242,,,39,6.07267,1331,"[100, 100]","[10, 10]",10
1000,100000,100,FALSE,1,0.001,1,100,16,hashing,4.10738,1.56084,0.342327,,,,,,,,,,93,13.6164,10471,"[100, 100]","[10, 10]",10
1000,100000,100,FALSE,1,0.001,1,100,16,regbeddings,5.55593,1.8463,0.110385,0.942466,0.159657,0.452223,0.626,,,0.0087514,,,48,9.06763,2331,"[100, 100]","[10, 10]",10
1000,100000,100,FALSE,1,0.001,1,100,16,tabtransformer,4.12301,1.57095,0.339824,,,,,,,,,,39,14.5185,8687,"[100, 100]","[10, 10]",10
1000,100000,100,FALSE,1,0.001,1,100,16,mmbeddings,3.99174,1.53855,0.360842,0.574021,0.200515,0.275432,0.6956,4.13539,,0.618022,,,105,14.1206,13651,"[100, 100]","[10, 10]",10
1000,100000,100,FALSE,1,0.001,1,100,17,ignore,5.96972,1.9336,0.100172,,,,,,,,,,134,8.84373,231,"[100, 100]","[10, 10]",10
1000,100000,100,FALSE,1,0.001,1,100,17,mean-encoding,5.85325,1.91717,0.117728,,,,,,,,,,128,8.06893,331,"[100, 100]","[10, 10]",10
1000,100000,100,FALSE,1,0.001,1,100,17,embeddings,3.97194,1.56409,0.401301,0.926661,0.235605,0.509514,0.6716,,,0.0135276,,,49,7.44991,1331,"[100, 100]","[10, 10]",10
1000,100000,100,FALSE,1,0.001,1,100,17,embeddings-l2,4.01131,1.57275,0.395367,0.973223,0.315839,0.535116,0.6672,,,0.00176728,,,81,8.62924,1331,"[100, 100]","[10, 10]",10
1000,100000,100,FALSE,1,0.001,1,100,17,hashing,3.74811,1.51471,0.43504,,,,,,,,,,69,7.01746,10471,"[100, 100]","[10, 10]",10
1000,100000,100,FALSE,1,0.001,1,100,17,regbeddings,6.04551,1.94545,0.0887485,0.94986,0.176099,0.52227,0.6708,,,0.00639883,,,33,6.53403,2331,"[100, 100]","[10, 10]",10
1000,100000,100,FALSE,1,0.001,1,100,17,tabtransformer,4.09642,1.58474,0.382538,,,,,,,,,,65,17.6685,8687,"[100, 100]","[10, 10]",10
1000,100000,100,FALSE,1,0.001,1,100,17,mmbeddings,3.63093,1.492,0.452702,0.564944,0.332335,0.310628,0.6688,3.51517,,0.570779,,,161,18.7919,13651,"[100, 100]","[10, 10]",10
1000,100000,100,FALSE,1,0.001,1,100,18,ignore,6.35239,1.98655,0.103821,,,,,,,,,,75,8.47393,231,"[100, 100]","[10, 10]",10
1000,100000,100,FALSE,1,0.001,1,100,18,mean-encoding,6.04195,1.9334,0.147618,,,,,,,,,,58,5.78536,331,"[100, 100]","[10, 10]",10
1000,100000,100,FALSE,1,0.001,1,100,18,embeddings,3.18943,1.41055,0.550044,0.91689,0.412731,0.437799,0.6952,,,0.0158047,,,75,6.86653,1331,"[100, 100]","[10, 10]",10
1000,100000,100,FALSE,1,0.001,1,100,18,embeddings-l2,3.28942,1.43265,0.535937,0.967141,0.419927,0.461793,0.7104,,,0.00252246,,,77,6.81687,1331,"[100, 100]","[10, 10]",10
1000,100000,100,FALSE,1,0.001,1,100,18,hashing,3.16426,1.40074,0.553594,,,,,,,,,,60,6.93931,10471,"[100, 100]","[10, 10]",10
1000,100000,100,FALSE,1,0.001,1,100,18,regbeddings,6.72992,2.06037,0.0505606,0.971858,0.246721,0.464045,0.694,,,0.00177945,,,14,5.06127,2331,"[100, 100]","[10, 10]",10
1000,100000,100,FALSE,1,0.001,1,100,18,tabtransformer,3.66025,1.52049,0.483621,,,,,,,,,,23,12.9262,8687,"[100, 100]","[10, 10]",10
1000,100000,100,FALSE,1,0.001,1,100,18,mmbeddings,3.2011,1.40899,0.548398,0.530686,0.44734,0.253393,0.7068,3.21392,,0.619134,,,85,13.4098,13651,"[100, 100]","[10, 10]",10
1000,100000,100,FALSE,1,0.001,1,100,19,ignore,5.7242,1.8819,0.0992352,,,,,,,,,,87,6.80866,231,"[100, 100]","[10, 10]",10
1000,100000,100,FALSE,1,0.001,1,100,19,mean-encoding,5.45239,1.82847,0.142008,,,,,,,,,,87,7.28946,331,"[100, 100]","[10, 10]",10
1000,100000,100,FALSE,1,0.001,1,100,19,embeddings,3.13545,1.38818,0.506602,0.922863,0.346705,0.436414,0.6444,,,0.0158422,,,44,4.82231,1331,"[100, 100]","[10, 10]",10
1000,100000,100,FALSE,1,0.001,1,100,19,embeddings-l2,3.16175,1.3934,0.502464,0.965783,0.376482,0.456711,0.556,,,0.00343863,,,41,4.59448,1331,"[100, 100]","[10, 10]",10
1000,100000,100,FALSE,1,0.001,1,100,19,hashing,3.14856,1.38205,0.50454,,,,,,,,,,54,5.80919,10471,"[100, 100]","[10, 10]",10
1000,100000,100,FALSE,1,0.001,1,100,19,regbeddings,4.73523,1.70619,0.254861,0.863576,0.310451,0.408378,0.578,,,0.0577062,,,74,14.4373,2331,"[100, 100]","[10, 10]",10
1000,100000,100,FALSE,1,0.001,1,100,19,tabtransformer,3.48067,1.46504,0.452279,,,,,,,,,,25,10.5489,8687,"[100, 100]","[10, 10]",10
1000,100000,100,FALSE,1,0.001,1,100,19,mmbeddings,2.98654,1.35213,0.530036,0.517215,0.375377,0.244587,0.6876,2.99109,,1.09004,,,86,12.0403,13651,"[100, 100]","[10, 10]",10
10000,100000,1000,FALSE,1,0.001,1,1000,0,ignore,5.08146,1.76515,0.175655,,,,,,,,,,142,7.38783,231,"[100, 100]","[10, 10]",10
10000,100000,1000,FALSE,1,0.001,1,1000,0,mean-encoding,5.10336,1.7691,0.172101,,,,,,,,,,135,7.76364,331,"[100, 100]","[10, 10]",10
10000,100000,1000,FALSE,1,0.001,1,1000,0,embeddings,4.84528,1.71507,0.213969,0.944373,0.135151,0.345086,0.689432,,,0.00830084,,,34,3.03783,10331,"[100, 100]","[10, 10]",10
10000,100000,1000,FALSE,1,0.001,1,1000,0,embeddings-l2,4.73927,1.69241,0.231167,0.992114,0.168309,0.362531,0.662324,,,0.000192499,,,66,4.702,10331,"[100, 100]","[10, 10]",10
10000,100000,1000,FALSE,1,0.001,1,1000,0,hashing,4.45733,1.63501,0.276904,,,,,,,,,,120,14.2556,10471,"[100, 100]","[10, 10]",10
10000,100000,1000,FALSE,1,0.001,1,1000,0,regbeddings,5.0253,1.75377,0.184766,0.892025,0.0844531,0.325958,0.735124,,,0.0339405,,,84,10.3714,20331,"[100, 100]","[10, 10]",10
10000,100000,1000,FALSE,1,0.001,1,1000,0,tabtransformer,4.60758,1.66434,0.252531,,,,,,,,,,61,22.7168,17687,"[100, 100]","[10, 10]",10
10000,100000,1000,FALSE,1,0.001,1,1000,0,mmbeddings,2.98628,1.348,0.515547,0.618274,0.299331,0.225925,0.764368,3.39143,,0.410826,,,175,27.2888,13651,"[100, 100]","[10, 10]",10
10000,100000,1000,FALSE,1,0.001,1,1000,1,ignore,4.69965,1.68765,0.143327,,,,,,,,,,94,4.84406,231,"[100, 100]","[10, 10]",10
10000,100000,1000,FALSE,1,0.001,1,1000,1,mean-encoding,4.68435,1.68303,0.146116,,,,,,,,,,58,4.75748,331,"[100, 100]","[10, 10]",10
10000,100000,1000,FALSE,1,0.001,1,1000,1,embeddings,4.21793,1.58044,0.231136,0.929332,0.172453,0.41769,0.687336,,,0.0118553,,,51,3.64625,10331,"[100, 100]","[10, 10]",10
10000,100000,1000,FALSE,1,0.001,1,1000,1,embeddings-l2,4.20488,1.57959,0.233515,0.993279,0.221852,0.446431,0.66206,,,0.00011385,,,117,6.66398,10331,"[100, 100]","[10, 10]",10
10000,100000,1000,FALSE,1,0.001,1,1000,1,hashing,4.2515,1.59322,0.225017,,,,,,,,,,44,6.28512,10471,"[100, 100]","[10, 10]",10
10000,100000,1000,FALSE,1,0.001,1,1000,1,regbeddings,4.68248,1.68283,0.146456,0.937966,0.152154,0.421571,0.672836,,,0.00892895,,,66,6.27871,20331,"[100, 100]","[10, 10]",10
10000,100000,1000,FALSE,1,0.001,1,1000,1,tabtransformer,4.38379,1.61248,0.200903,,,,,,,,,,40,17.7286,17687,"[100, 100]","[10, 10]",10
10000,100000,1000,FALSE,1,0.001,1,1000,1,mmbeddings,3.51114,1.43166,0.359973,0.595795,0.209179,0.267781,0.729544,3.65646,,0.467765,,,221,30.6638,13651,"[100, 100]","[10, 10]",10
10000,100000,1000,FALSE,1,0.001,1,1000,2,ignore,3.98908,1.57231,0.179341,,,,,,,,,,240,21.6578,231,"[100, 100]","[10, 10]",10
10000,100000,1000,FALSE,1,0.001,1,1000,2,mean-encoding,3.96113,1.56807,0.185091,,,,,,,,,,253,21.6526,331,"[100, 100]","[10, 10]",10
10000,100000,1000,FALSE,1,0.001,1,1000,2,embeddings,3.4325,1.44541,0.293843,0.914729,0.176049,0.425208,0.739212,,,0.0163671,,,117,7.84725,10331,"[100, 100]","[10, 10]",10
10000,100000,1000,FALSE,1,0.001,1,1000,2,embeddings-l2,3.46097,1.45471,0.287986,0.993334,0.136512,0.461746,0.590564,,,0.000126288,,,79,5.02861,10331,"[100, 100]","[10, 10]",10
10000,100000,1000,FALSE,1,0.001,1,1000,2,hashing,3.53075,1.47243,0.273632,,,,,,,,,,88,11.7915,10471,"[100, 100]","[10, 10]",10
10000,100000,1000,FALSE,1,0.001,1,1000,2,regbeddings,4.0232,1.57793,0.172322,0.930476,0.119334,0.432527,0.735756,,,0.0114892,,,65,7.36565,20331,"[100, 100]","[10, 10]",10
10000,100000,1000,FALSE,1,0.001,1,1000,2,tabtransformer,3.74418,1.51917,0.229723,,,,,,,,,,35,15.0233,17687,"[100, 100]","[10, 10]",10
10000,100000,1000,FALSE,1,0.001,1,1000,2,mmbeddings,2.9085,1.33843,0.401644,0.65022,0.19957,0.302252,0.79304,2.93182,,0.326369,,,307,44.4524,13651,"[100, 100]","[10, 10]",10
10000,100000,1000,FALSE,1,0.001,1,1000,3,ignore,6.27658,1.97311,0.10201,,,,,,,,,,86,4.543,231,"[100, 100]","[10, 10]",10
10000,100000,1000,FALSE,1,0.001,1,1000,3,mean-encoding,6.28068,1.97398,0.101423,,,,,,,,,,90,6.27162,331,"[100, 100]","[10, 10]",10
10000,100000,1000,FALSE,1,0.001,1,1000,3,embeddings,4.92077,1.72699,0.295986,0.935558,0.199603,0.404837,0.690128,,,0.0143232,,,66,6.29831,10331,"[100, 100]","[10, 10]",10
10000,100000,1000,FALSE,1,0.001,1,1000,3,embeddings-l2,4.85668,1.71598,0.305154,0.994136,0.241687,0.430185,0.647104,,,0.000130404,,,100,7.13129,10331,"[100, 100]","[10, 10]",10
10000,100000,1000,FALSE,1,0.001,1,1000,3,hashing,5.25431,1.78761,0.248265,,,,,,,,,,69,9.11037,10471,"[100, 100]","[10, 10]",10
10000,100000,1000,FALSE,1,0.001,1,1000,3,regbeddings,6.22218,1.96358,0.109792,0.948507,0.153238,0.41044,0.689152,,,0.00961563,,,56,6.13188,20331,"[100, 100]","[10, 10]",10
10000,100000,1000,FALSE,1,0.001,1,1000,3,tabtransformer,4.83199,1.7122,0.308687,,,,,,,,,,48,25.7775,17687,"[100, 100]","[10, 10]",10
10000,100000,1000,FALSE,1,0.001,1,1000,3,mmbeddings,3.89941,1.5289,0.442112,0.630451,0.236674,0.27281,0.721846,4.01405,,0.547689,,,259,48.4511,13651,"[100, 100]","[10, 10]",10
10000,100000,1000,FALSE,1,0.001,1,1000,4,ignore,3.9258,1.56112,0.19193,,,,,,,,,,104,6.11654,231,"[100, 100]","[10, 10]",10
10000,100000,1000,FALSE,1,0.001,1,1000,4,mean-encoding,3.93706,1.56404,0.189612,,,,,,,,,,92,5.16802,331,"[100, 100]","[10, 10]",10
10000,100000,1000,FALSE,1,0.001,1,1000,4,embeddings,2.76054,1.30129,0.431782,0.905648,0.323315,0.374797,0.731768,,,0.0137847,,,117,8.13077,10331,"[100, 100]","[10, 10]",10
10000,100000,1000,FALSE,1,0.001,1,1000,4,embeddings-l2,3.39563,1.43972,0.301057,0.99172,0.227675,0.410418,0.682016,,,0.000127506,,,80,5.65354,10331,"[100, 100]","[10, 10]",10
10000,100000,1000,FALSE,1,0.001,1,1000,4,hashing,3.41355,1.44946,0.297369,,,,,,,,,,95,12.7179,10471,"[100, 100]","[10, 10]",10
10000,100000,1000,FALSE,1,0.001,1,1000,4,regbeddings,3.94889,1.56477,0.187176,0.925441,0.134469,0.382989,0.7192,,,0.00953288,,,54,6.24488,20331,"[100, 100]","[10, 10]",10
10000,100000,1000,FALSE,1,0.001,1,1000,4,tabtransformer,3.48447,1.46895,0.282771,,,,,,,,,,50,18.2553,17687,"[100, 100]","[10, 10]",10
10000,100000,1000,FALSE,1,0.001,1,1000,4,mmbeddings,2.55164,1.25513,0.47478,0.537348,0.302288,0.222379,0.680156,2.67058,,0.419109,,,178,28.9652,13651,"[100, 100]","[10, 10]",10
10000,100000,1000,FALSE,1,0.001,1,1000,5,ignore,7.42196,1.93522,0.0962516,,,,,,,,,,169,8.97027,231,"[100, 100]","[10, 10]",10
10000,100000,1000,FALSE,1,0.001,1,1000,5,mean-encoding,7.4037,1.93358,0.098475,,,,,,,,,,145,11.3095,331,"[100, 100]","[10, 10]",10
10000,100000,1000,FALSE,1,0.001,1,1000,5,embeddings,5.20561,1.55451,0.366129,0.927621,0.281376,0.409847,0.706436,,,0.0161672,,,125,6.89533,10331,"[100, 100]","[10, 10]",10
10000,100000,1000,FALSE,1,0.001,1,1000,5,embeddings-l2,4.83804,1.4866,0.410887,0.991531,0.35786,0.438084,0.655622,,,0.000232645,,,176,9.97497,10331,"[100, 100]","[10, 10]",10
10000,100000,1000,FALSE,1,0.001,1,1000,5,hashing,5.96649,1.68991,0.27348,,,,,,,,,,69,9.40548,10471,"[100, 100]","[10, 10]",10
10000,100000,1000,FALSE,1,0.001,1,1000,5,regbeddings,7.28074,1.90984,0.113447,0.935172,0.158515,0.413183,0.647692,,,0.0147023,,,59,6.68582,20331,"[100, 100]","[10, 10]",10
10000,100000,1000,FALSE,1,0.001,1,1000,5,tabtransformer,5.5623,1.61895,0.322696,,,,,,,,,,54,20.8979,17687,"[100, 100]","[10, 10]",10
10000,100000,1000,FALSE,1,0.001,1,1000,5,mmbeddings,4.75574,1.46502,0.420908,0.678371,0.289991,0.299722,0.682742,4.86026,,0.371558,,,158,25.0182,13651,"[100, 100]","[10, 10]",10
10000,100000,1000,FALSE,1,0.001,1,1000,6,ignore,4.97052,1.70072,0.148495,,,,,,,,,,151,7.29809,231,"[100, 100]","[10, 10]",10
10000,100000,1000,FALSE,1,0.001,1,1000,6,mean-encoding,4.99394,1.70525,0.144482,,,,,,,,,,99,6.55493,331,"[100, 100]","[10, 10]",10
10000,100000,1000,FALSE,1,0.001,1,1000,6,embeddings,4.43706,1.59528,0.239881,0.926198,0.176233,0.394949,0.681512,,,0.0147466,,,111,6.3679,10331,"[100, 100]","[10, 10]",10
10000,100000,1000,FALSE,1,0.001,1,1000,6,embeddings-l2,4.38175,1.58814,0.249356,0.99453,0.15178,0.424087,0.606008,,,0.000108374,,,112,7.60639,10331,"[100, 100]","[10, 10]",10
10000,100000,1000,FALSE,1,0.001,1,1000,6,hashing,4.44358,1.60103,0.238764,,,,,,,,,,62,11.6553,10471,"[100, 100]","[10, 10]",10
10000,100000,1000,FALSE,1,0.001,1,1000,6,regbeddings,5.04376,1.71389,0.135948,0.952066,0.101476,0.405979,0.658388,,,0.00657107,,,48,5.02231,20331,"[100, 100]","[10, 10]",10
10000,100000,1000,FALSE,1,0.001,1,1000,6,tabtransformer,4.46741,1.60351,0.234683,,,,,,,,,,28,12.9411,17687,"[100, 100]","[10, 10]",10
10000,100000,1000,FALSE,1,0.001,1,1000,6,mmbeddings,3.71668,1.44255,0.363292,0.653902,0.169693,0.278837,0.722876,3.76871,,0.391512,,,283,46.3206,13651,"[100, 100]","[10, 10]",10
10000,100000,1000,FALSE,1,0.001,1,1000,7,ignore,4.18515,1.61399,0.180306,,,,,,,,,,127,11.7437,231,"[100, 100]","[10, 10]",10
10000,100000,1000,FALSE,1,0.001,1,1000,7,mean-encoding,4.15418,1.60807,0.186371,,,,,,,,,,124,9.67575,331,"[100, 100]","[10, 10]",10
10000,100000,1000,FALSE,1,0.001,1,1000,7,embeddings,2.98609,1.34665,0.41515,0.900432,0.227269,0.387806,0.663264,,,0.0179857,,,111,7.78845,10331,"[100, 100]","[10, 10]",10
10000,100000,1000,FALSE,1,0.001,1,1000,7,embeddings-l2,2.93056,1.33449,0.426027,0.993064,0.234287,0.427701,0.567146,,,0.000107705,,,102,5.86161,10331,"[100, 100]","[10, 10]",10
10000,100000,1000,FALSE,1,0.001,1,1000,7,hashing,3.35104,1.42931,0.343673,,,,,,,,,,64,9.07422,10471,"[100, 100]","[10, 10]",10
10000,100000,1000,FALSE,1,0.001,1,1000,7,regbeddings,4.08072,1.59293,0.200759,0.915666,0.1994,0.394367,0.602724,,,0.0141179,,,65,6.24521,20331,"[100, 100]","[10, 10]",10
10000,100000,1000,FALSE,1,0.001,1,1000,7,tabtransformer,3.5178,1.46561,0.31101,,,,,,,,,,26,12.9745,17687,"[100, 100]","[10, 10]",10
10000,100000,1000,FALSE,1,0.001,1,1000,7,mmbeddings,2.81926,1.30862,0.447825,0.583118,0.213045,0.251142,0.618924,2.77578,,0.391642,,,308,39.833,13651,"[100, 100]","[10, 10]",10
10000,100000,1000,FALSE,1,0.001,1,1000,8,ignore,4.32953,1.62409,0.175719,,,,,,,,,,92,6.22871,231,"[100, 100]","[10, 10]",10
10000,100000,1000,FALSE,1,0.001,1,1000,8,mean-encoding,4.34348,1.62578,0.173061,,,,,,,,,,156,7.64235,331,"[100, 100]","[10, 10]",10
10000,100000,1000,FALSE,1,0.001,1,1000,8,embeddings,4.0928,1.56512,0.220788,0.938107,0.141412,0.434488,0.613636,,,0.00930545,,,45,3.27499,10331,"[100, 100]","[10, 10]",10
10000,100000,1000,FALSE,1,0.001,1,1000,8,embeddings-l2,3.72667,1.48172,0.290493,0.989894,0.236682,0.458473,0.641716,,,0.000244086,,,144,11.9289,10331,"[100, 100]","[10, 10]",10
10000,100000,1000,FALSE,1,0.001,1,1000,8,hashing,3.97558,1.54754,0.243105,,,,,,,,,,46,11.7453,10471,"[100, 100]","[10, 10]",10
10000,100000,1000,FALSE,1,0.001,1,1000,8,regbeddings,4.25336,1.60879,0.190219,0.869901,0.102196,0.402898,0.657156,,,0.0467854,,,97,9.40045,20331,"[100, 100]","[10, 10]",10
10000,100000,1000,FALSE,1,0.001,1,1000,8,tabtransformer,4.1706,1.57731,0.205976,,,,,,,,,,37,17.1535,17687,"[100, 100]","[10, 10]",10
10000,100000,1000,FALSE,1,0.001,1,1000,8,mmbeddings,3.43839,1.42254,0.345379,0.618637,0.223024,0.286524,0.690368,3.4928,,0.413329,,,274,37.5394,13651,"[100, 100]","[10, 10]",10
10000,100000,1000,FALSE,1,0.001,1,1000,9,ignore,4.14087,1.60481,0.17526,,,,,,,,,,171,8.91672,231,"[100, 100]","[10, 10]",10
10000,100000,1000,FALSE,1,0.001,1,1000,9,mean-encoding,4.11711,1.60035,0.179992,,,,,,,,,,97,6.66841,331,"[100, 100]","[10, 10]",10
10000,100000,1000,FALSE,1,0.001,1,1000,9,embeddings,2.93123,1.33328,0.416186,0.907051,0.286201,0.394727,0.59938,,,0.0153858,,,92,6.49203,10331,"[100, 100]","[10, 10]",10
10000,100000,1000,FALSE,1,0.001,1,1000,9,embeddings-l2,2.93384,1.33371,0.415665,0.99273,0.272177,0.432013,0.53558,,,0.000107703,,,94,5.81708,10331,"[100, 100]","[10, 10]",10
10000,100000,1000,FALSE,1,0.001,1,1000,9,hashing,3.33482,1.42811,0.335803,,,,,,,,,,80,10.4104,10471,"[100, 100]","[10, 10]",10
10000,100000,1000,FALSE,1,0.001,1,1000,9,regbeddings,3.67517,1.50417,0.268015,0.82871,0.228648,0.360635,0.607792,,,0.0619224,,,101,12.0123,20331,"[100, 100]","[10, 10]",10
10000,100000,1000,FALSE,1,0.001,1,1000,9,tabtransformer,3.54878,1.47149,0.293188,,,,,,,,,,32,14.6065,17687,"[100, 100]","[10, 10]",10
10000,100000,1000,FALSE,1,0.001,1,1000,9,mmbeddings,2.98302,1.34362,0.40587,0.565045,0.244382,0.245894,0.651874,3.12865,,0.414196,,,214,33.4589,13651,"[100, 100]","[10, 10]",10
100000,100000,10000,FALSE,1,0.001,1,10000,0,ignore,4.27166,1.61977,0.175071,,,,,,,,,,361,26.931,231,"[100, 100]","[10, 10]",10
100000,100000,10000,FALSE,1,0.001,1,10000,0,mean-encoding,4.27879,1.6206,0.173694,,,,,,,,,,220,21.4347,331,"[100, 100]","[10, 10]",10
100000,100000,10000,FALSE,1,0.001,1,10000,0,embeddings,3.26196,1.3941,0.370062,0.928423,0.177698,0.330423,0.639059,,,0.0127979,,,56,11.3563,100331,"[100, 100]","[10, 10]",10
100000,100000,10000,FALSE,1,0.001,1,10000,0,embeddings-l2,3.13202,1.3665,0.395154,0.997804,0.184174,0.355115,0.543894,,,1.49E-05,,,158,21.49,100331,"[100, 100]","[10, 10]",10
100000,100000,10000,FALSE,1,0.001,1,10000,0,hashing,4.20406,1.60575,0.188126,,,,,,,,,,51,54.935,10471,"[100, 100]","[10, 10]",10
100000,100000,10000,FALSE,1,0.001,1,10000,0,regbeddings,3.5665,1.46936,0.311249,0.776934,0.164658,0.276509,0.686635,,,0.155091,,,154,30.3651,200331,"[100, 100]","[10, 10]",10
100000,100000,10000,FALSE,1,0.001,1,10000,0,tabtransformer,3.72911,1.49595,0.279846,,,,,,,,,,35,87.9189,107687,"[100, 100]","[10, 10]",10
100000,100000,10000,FALSE,1,0.001,1,10000,0,mmbeddings,2.9411,1.31282,0.432025,0.677531,0.189412,0.241131,0.719586,2.95679,,0.290725,,,312,227.862,13651,"[100, 100]","[10, 10]",10
100000,100000,10000,FALSE,1,0.001,1,10000,1,ignore,6.20212,1.9594,0.129374,,,,,,,,,,342,25.788,231,"[100, 100]","[10, 10]",10
100000,100000,10000,FALSE,1,0.001,1,10000,1,mean-encoding,6.22704,1.96366,0.125876,,,,,,,,,,226,21.4746,331,"[100, 100]","[10, 10]",10
100000,100000,10000,FALSE,1,0.001,1,10000,1,embeddings,4.1686,1.57258,0.41483,0.926465,0.324986,0.344905,0.648247,,,0.0136917,,,118,14.2604,100331,"[100, 100]","[10, 10]",10
100000,100000,10000,FALSE,1,0.001,1,10000,1,embeddings-l2,4.30286,1.60309,0.395983,0.997457,0.267325,0.371334,0.597754,,,2.08E-05,,,127,14.1902,100331,"[100, 100]","[10, 10]",10
100000,100000,10000,FALSE,1,0.001,1,10000,1,hashing,6.00729,1.92648,0.156723,,,,,,,,,,51,84.073,10471,"[100, 100]","[10, 10]",10
100000,100000,10000,FALSE,1,0.001,1,10000,1,regbeddings,4.92872,1.72766,0.308128,0.76565,0.25669,0.285037,0.66321,,,0.179844,,,159,30.7228,200331,"[100, 100]","[10, 10]",10
100000,100000,10000,FALSE,1,0.001,1,10000,1,tabtransformer,4.62764,1.66618,0.350392,,,,,,,,,,44,88.7405,107687,"[100, 100]","[10, 10]",10
100000,100000,10000,FALSE,1,0.001,1,10000,1,mmbeddings,3.5624,1.44854,0.499926,0.663561,0.309269,0.247031,0.637709,3.63084,,0.324038,,,316,176.116,13651,"[100, 100]","[10, 10]",10
100000,100000,10000,FALSE,1,0.001,1,10000,2,ignore,3.71427,1.5225,0.186688,,,,,,,,,,325,24.8053,231,"[100, 100]","[10, 10]",10
100000,100000,10000,FALSE,1,0.001,1,10000,2,mean-encoding,3.73782,1.52801,0.181531,,,,,,,,,,195,16.2334,331,"[100, 100]","[10, 10]",10
100000,100000,10000,FALSE,1,0.001,1,10000,2,embeddings,3.2977,1.43032,0.277903,0.920247,0.165267,0.322922,0.666161,,,0.0123318,,,65,11.3039,100331,"[100, 100]","[10, 10]",10
100000,100000,10000,FALSE,1,0.001,1,10000,2,embeddings-l2,3.25409,1.42027,0.287452,0.997699,0.116223,0.3501,0.5,,,1.34E-05,,,193,42.3169,100331,"[100, 100]","[10, 10]",10
100000,100000,10000,FALSE,1,0.001,1,10000,2,hashing,3.69494,1.52155,0.19092,,,,,,,,,,74,84.0714,10471,"[100, 100]","[10, 10]",10
100000,100000,10000,FALSE,1,0.001,1,10000,2,regbeddings,3.33975,1.44155,0.268695,0.682299,0.167849,0.239424,0.698312,,,0.227145,,,209,42.6366,200331,"[100, 100]","[10, 10]",10
100000,100000,10000,FALSE,1,0.001,1,10000,2,tabtransformer,3.50733,1.47014,0.232001,,,,,,,,,,35,62.0356,107687,"[100, 100]","[10, 10]",10
100000,100000,10000,FALSE,1,0.001,1,10000,2,mmbeddings,2.57617,1.25718,0.435896,0.638052,0.203426,0.223897,0.739502,2.63327,,0.289452,,,366,246.922,13651,"[100, 100]","[10, 10]",10
100000,100000,10000,FALSE,1,0.001,1,10000,3,ignore,5.11874,1.78368,0.149208,,,,,,,,,,217,16.7407,231,"[100, 100]","[10, 10]",10
100000,100000,10000,FALSE,1,0.001,1,10000,3,mean-encoding,5.12159,1.78442,0.148735,,,,,,,,,,278,41.9504,331,"[100, 100]","[10, 10]",10
100000,100000,10000,FALSE,1,0.001,1,10000,3,embeddings,3.33929,1.41943,0.444973,0.916938,0.318219,0.335536,0.818122,,,0.0134921,,,92,21.7094,100331,"[100, 100]","[10, 10]",10
100000,100000,10000,FALSE,1,0.001,1,10000,3,embeddings-l2,3.35984,1.4265,0.441557,0.997322,0.324038,0.364951,0.813597,,,1.77E-05,,,140,21.5875,100331,"[100, 100]","[10, 10]",10
100000,100000,10000,FALSE,1,0.001,1,10000,3,hashing,4.93746,1.75186,0.179339,,,,,,,,,,65,84.0962,10471,"[100, 100]","[10, 10]",10
100000,100000,10000,FALSE,1,0.001,1,10000,3,regbeddings,3.85672,1.536,0.35897,0.716434,0.325633,0.262165,0.820905,,,0.208599,,,176,35.1498,200331,"[100, 100]","[10, 10]",10
100000,100000,10000,FALSE,1,0.001,1,10000,3,tabtransformer,3.80286,1.52062,0.367923,,,,,,,,,,36,62.255,107687,"[100, 100]","[10, 10]",10
100000,100000,10000,FALSE,1,0.001,1,10000,3,mmbeddings,2.86114,1.30991,0.524447,0.588109,0.326498,0.215207,0.836409,2.96788,,0.395371,,,332,215.911,13651,"[100, 100]","[10, 10]",10
100000,100000,10000,FALSE,1,0.001,1,10000,4,ignore,4.21599,1.58659,0.196424,,,,,,,,,,261,18.7924,231,"[100, 100]","[10, 10]",10
100000,100000,10000,FALSE,1,0.001,1,10000,4,mean-encoding,4.2202,1.5869,0.195621,,,,,,,,,,156,21.5034,331,"[100, 100]","[10, 10]",10
100000,100000,10000,FALSE,1,0.001,1,10000,4,embeddings,3.04321,1.319,0.419958,0.925211,0.229846,0.314712,0.607685,,,0.0114064,,,62,9.699,100331,"[100, 100]","[10, 10]",10
100000,100000,10000,FALSE,1,0.001,1,10000,4,embeddings-l2,3.04907,1.31896,0.418842,0.997607,0.228169,0.339338,0.571937,,,1.50E-05,,,155,17.9977,100331,"[100, 100]","[10, 10]",10
100000,100000,10000,FALSE,1,0.001,1,10000,4,hashing,4.10242,1.56284,0.218072,,,,,,,,,,66,83.5972,10471,"[100, 100]","[10, 10]",10
100000,100000,10000,FALSE,1,0.001,1,10000,4,regbeddings,3.48508,1.42783,0.335737,0.764817,0.209061,0.260154,0.617552,,,0.1466,,,153,42.585,200331,"[100, 100]","[10, 10]",10
100000,100000,10000,FALSE,1,0.001,1,10000,4,tabtransformer,3.67596,1.46667,0.299354,,,,,,,,,,23,42.3359,107687,"[100, 100]","[10, 10]",10
100000,100000,10000,FALSE,1,0.001,1,10000,4,mmbeddings,2.96781,1.2905,0.434329,0.640423,0.220873,0.217841,0.614356,3.03288,,0.320461,,,311,185.175,13651,"[100, 100]","[10, 10]",10
100000,100000,10000,FALSE,1,0.001,1,10000,5,ignore,6.44578,2.00869,0.136133,,,,,,,,,,167,13.7716,231,"[100, 100]","[10, 10]",10
100000,100000,10000,FALSE,1,0.001,1,10000,5,mean-encoding,6.44029,2.00815,0.136868,,,,,,,,,,341,28.7715,331,"[100, 100]","[10, 10]",10
100000,100000,10000,FALSE,1,0.001,1,10000,5,embeddings,3.22718,1.40175,0.567491,0.907283,0.436318,0.324884,0.725641,,,0.0181648,,,113,21.9222,100331,"[100, 100]","[10, 10]",10
100000,100000,10000,FALSE,1,0.001,1,10000,5,embeddings-l2,3.32072,1.42399,0.554955,0.997322,0.466789,0.357126,0.70407,,,1.81E-05,,,213,23.7164,100331,"[100, 100]","[10, 10]",10
100000,100000,10000,FALSE,1,0.001,1,10000,5,hashing,6.12131,1.9542,0.179618,,,,,,,,,,47,49.3815,10471,"[100, 100]","[10, 10]",10
100000,100000,10000,FALSE,1,0.001,1,10000,5,regbeddings,3.98149,1.56893,0.466397,0.673232,0.447392,0.241074,0.750221,,,0.300241,,,223,43.2738,200331,"[100, 100]","[10, 10]",10
100000,100000,10000,FALSE,1,0.001,1,10000,5,tabtransformer,3.8316,1.53576,0.486487,,,,,,,,,,40,88.3785,107687,"[100, 100]","[10, 10]",10
100000,100000,10000,FALSE,1,0.001,1,10000,5,mmbeddings,3.00462,1.35075,0.597318,0.594273,0.440683,0.2128,0.748348,3.28451,,0.409875,,,398,203.094,13651,"[100, 100]","[10, 10]",10
100000,100000,10000,FALSE,1,0.001,1,10000,6,ignore,6.04688,1.939,0.123132,,,,,,,,,,348,25.5625,231,"[100, 100]","[10, 10]",10
100000,100000,10000,FALSE,1,0.001,1,10000,6,mean-encoding,6.0629,1.94177,0.120809,,,,,,,,,,175,21.4138,331,"[100, 100]","[10, 10]",10
100000,100000,10000,FALSE,1,0.001,1,10000,6,embeddings,4.0408,1.55534,0.414038,0.930947,0.333156,0.377836,0.783706,,,0.0126203,,,119,14.4356,100331,"[100, 100]","[10, 10]",10
100000,100000,10000,FALSE,1,0.001,1,10000,6,embeddings-l2,4.27338,1.60863,0.380309,0.997673,0.242429,0.404918,0.638945,,,1.84E-05,,,178,21.578,100331,"[100, 100]","[10, 10]",10
100000,100000,10000,FALSE,1,0.001,1,10000,6,hashing,5.87459,1.91076,0.148116,,,,,,,,,,51,84.0559,10471,"[100, 100]","[10, 10]",10
100000,100000,10000,FALSE,1,0.001,1,10000,6,regbeddings,4.78847,1.7094,0.305616,0.751707,0.243383,0.305089,0.803949,,,0.212545,,,184,42.6105,200331,"[100, 100]","[10, 10]",10
100000,100000,10000,FALSE,1,0.001,1,10000,6,tabtransformer,4.44059,1.63106,0.356062,,,,,,,,,,42,71.6438,107687,"[100, 100]","[10, 10]",10
100000,100000,10000,FALSE,1,0.001,1,10000,6,mmbeddings,3.45258,1.43295,0.499336,0.667101,0.312847,0.270751,0.808911,3.50168,,0.333341,,,400,202.88,13651,"[100, 100]","[10, 10]",10
100000,100000,10000,FALSE,1,0.001,1,10000,7,ignore,4.76896,1.72998,0.171446,,,,,,,,,,324,41.8828,231,"[100, 100]","[10, 10]",10
100000,100000,10000,FALSE,1,0.001,1,10000,7,mean-encoding,4.77113,1.73,0.171069,,,,,,,,,,231,20.0502,331,"[100, 100]","[10, 10]",10
100000,100000,10000,FALSE,1,0.001,1,10000,7,embeddings,2.85622,1.3271,0.503764,0.915543,0.329372,0.357164,0.568546,,,0.0149719,,,74,11.861,100331,"[100, 100]","[10, 10]",10
100000,100000,10000,FALSE,1,0.001,1,10000,7,embeddings-l2,2.8944,1.33672,0.497129,0.997535,0.30769,0.38915,0.542398,,,1.60E-05,,,177,22.0085,100331,"[100, 100]","[10, 10]",10
100000,100000,10000,FALSE,1,0.001,1,10000,7,hashing,4.61292,1.69839,0.198556,,,,,,,,,,62,66.5595,10471,"[100, 100]","[10, 10]",10
100000,100000,10000,FALSE,1,0.001,1,10000,7,regbeddings,3.42263,1.45684,0.405355,0.72136,0.317179,0.281411,0.578247,,,0.206655,,,200,39.77,200331,"[100, 100]","[10, 10]",10
100000,100000,10000,FALSE,1,0.001,1,10000,7,tabtransformer,3.43943,1.45961,0.402437,,,,,,,,,,34,59.0343,107687,"[100, 100]","[10, 10]",10
100000,100000,10000,FALSE,1,0.001,1,10000,7,mmbeddings,2.68702,1.28354,0.53316,0.599405,0.339323,0.233834,0.58397,2.6503,,0.401737,,,460,277.888,13651,"[100, 100]","[10, 10]",10
100000,100000,10000,FALSE,1,0.001,1,10000,8,ignore,5.77302,1.89576,0.147993,,,,,,,,,,188,14.5408,231,"[100, 100]","[10, 10]",10
100000,100000,10000,FALSE,1,0.001,1,10000,8,mean-encoding,5.77663,1.89607,0.14746,,,,,,,,,,179,15.3869,331,"[100, 100]","[10, 10]",10
100000,100000,10000,FALSE,1,0.001,1,10000,8,embeddings,3.37016,1.41727,0.502617,0.912772,0.410741,0.352772,0.830571,,,0.0155476,,,120,14.4492,100331,"[100, 100]","[10, 10]",10
100000,100000,10000,FALSE,1,0.001,1,10000,8,embeddings-l2,3.99651,1.54659,0.410178,0.997173,0.314133,0.385391,0.811869,,,2.10E-05,,,111,12.8122,100331,"[100, 100]","[10, 10]",10
100000,100000,10000,FALSE,1,0.001,1,10000,8,hashing,5.57956,1.8629,0.176544,,,,,,,,,,67,71.6916,10471,"[100, 100]","[10, 10]",10
100000,100000,10000,FALSE,1,0.001,1,10000,8,regbeddings,3.82052,1.52063,0.436151,0.612805,0.426257,0.236839,0.838508,,,0.378384,,,280,83.45,200331,"[100, 100]","[10, 10]",10
100000,100000,10000,FALSE,1,0.001,1,10000,8,tabtransformer,4.25182,1.60495,0.372498,,,,,,,,,,46,88.9474,107687,"[100, 100]","[10, 10]",10
100000,100000,10000,FALSE,1,0.001,1,10000,8,mmbeddings,2.91705,1.31734,0.569489,0.585218,0.399359,0.226177,0.849642,2.99183,,0.420664,,,445,226.283,13651,"[100, 100]","[10, 10]",10
100000,100000,10000,FALSE,1,0.001,1,10000,9,ignore,4.63593,1.6935,0.16036,,,,,,,,,,368,42.1961,231,"[100, 100]","[10, 10]",10
100000,100000,10000,FALSE,1,0.001,1,10000,9,mean-encoding,4.64692,1.69601,0.158368,,,,,,,,,,239,21.9218,331,"[100, 100]","[10, 10]",10
100000,100000,10000,FALSE,1,0.001,1,10000,9,embeddings,3.58186,1.47536,0.351268,0.937585,0.198442,0.332354,0.626326,,,0.009739,,,60,8.85763,100331,"[100, 100]","[10, 10]",10
100000,100000,10000,FALSE,1,0.001,1,10000,9,embeddings-l2,3.49021,1.45554,0.367867,0.997844,0.184295,0.353715,0.5,,,1.38E-05,,,237,25.9209,100331,"[100, 100]","[10, 10]",10
100000,100000,10000,FALSE,1,0.001,1,10000,9,hashing,4.52441,1.67385,0.180558,,,,,,,,,,51,56.386,10471,"[100, 100]","[10, 10]",10
100000,100000,10000,FALSE,1,0.001,1,10000,9,regbeddings,3.97245,1.56085,0.280527,0.793116,0.170772,0.281143,0.697729,,,0.131123,,,153,42.622,200331,"[100, 100]","[10, 10]",10
100000,100000,10000,FALSE,1,0.001,1,10000,9,tabtransformer,3.98433,1.55723,0.278375,,,,,,,,,,30,53.7804,107687,"[100, 100]","[10, 10]",10
100000,100000,10000,FALSE,1,0.001,1,10000,9,mmbeddings,3.11581,1.36728,0.435678,0.622001,0.220896,0.220486,0.726908,3.38463,,0.413533,,,379,225.032,13651,"[100, 100]","[10, 10]",10
1000000,1000000,100000,FALSE,1,0.001,1,100000,0,ignore,4.18144,1.61614,0.188306,,,,,,,,,,482,203.928,231,"[100, 100]","[10, 10]",10
1000000,1000000,100000,FALSE,1,0.001,1,100000,0,mean-encoding,4.18323,1.61647,0.187958,,,,,,,,,,340,156.16,331,"[100, 100]","[10, 10]",10
1000000,1000000,100000,FALSE,1,0.001,1,100000,0,embeddings,3.05358,1.36927,0.407245,0.90437,0.293092,0.361202,0.650383,,,0.0166469,,,107,97.0202,1000331,"[100, 100]","[10, 10]",10
1000000,1000000,100000,FALSE,1,0.001,1,100000,0,embeddings-l2,3.06691,1.37465,0.404656,0.998926,0.233662,0.392661,0.584036,,,2.84E-06,,,305,232.607,1000331,"[100, 100]","[10, 10]",10
1000000,1000000,100000,FALSE,1,0.001,1,100000,0,hashing,4.1872,1.61733,0.187188,,,,,,,,,,81,976.975,10471,"[100, 100]","[10, 10]",10
1000000,1000000,100000,FALSE,1,0.001,1,100000,0,regbeddings,3.0205,1.36724,0.413667,0.498349,0.328188,0.194562,0.677502,,,0.590204,,,449,787.815,2000331,"[100, 100]","[10, 10]",10
1000000,1000000,100000,FALSE,1,0.001,1,100000,0,tabtransformer,3.58394,1.48638,0.304293,,,,,,,,,,33,547.031,1007687,"[100, 100]","[10, 10]",10
1000000,1000000,100000,FALSE,1,0.001,1,100000,0,mmbeddings,2.55057,1.2505,0.504887,0.628658,0.318258,0.241439,0.693195,2.58067,,0.294126,,,450,2505.22,13651,"[100, 100]","[10, 10]",10
1000000,1000000,100000,FALSE,1,0.001,1,100000,1,ignore,4.45269,1.66102,0.166534,,,,,,,,,,353,143.259,231,"[100, 100]","[10, 10]",10
1000000,1000000,100000,FALSE,1,0.001,1,100000,1,mean-encoding,4.43976,1.65853,0.168955,,,,,,,,,,495,222.183,331,"[100, 100]","[10, 10]",10
1000000,1000000,100000,FALSE,1,0.001,1,100000,1,embeddings,3.56075,1.47262,0.33349,0.912264,0.281531,0.347334,0.802834,,,0.017462,,,128,113.231,1000331,"[100, 100]","[10, 10]",10
1000000,1000000,100000,FALSE,1,0.001,1,100000,1,embeddings-l2,4.03768,1.57269,0.244217,0.999101,0.0923386,0.376453,0.564016,,,2.61E-06,,,243,183.777,1000331,"[100, 100]","[10, 10]",10
1000000,1000000,100000,FALSE,1,0.001,1,100000,1,hashing,4.46183,1.66316,0.164823,,,,,,,,,,165,1953.72,10471,"[100, 100]","[10, 10]",10
1000000,1000000,100000,FALSE,1,0.001,1,100000,1,regbeddings,3.29082,1.42629,0.384015,0.497283,0.328447,0.176414,0.839211,,,0.670059,,,455,806.43,2000331,"[100, 100]","[10, 10]",10
1000000,1000000,100000,FALSE,1,0.001,1,100000,1,tabtransformer,4.02037,1.56511,0.247457,,,,,,,,,,36,589.4,1007687,"[100, 100]","[10, 10]",10
1000000,1000000,100000,FALSE,1,0.001,1,100000,1,mmbeddings,2.90041,1.33413,0.457094,0.671936,0.296283,0.247378,0.821293,3.11116,,0.285977,,,672,3522.43,13651,"[100, 100]","[10, 10]",10
1000000,1000000,100000,FALSE,1,0.001,1,100000,2,ignore,5.7021,1.87998,0.144757,,,,,,,,,,431,161.983,231,"[100, 100]","[10, 10]",10
1000000,1000000,100000,FALSE,1,0.001,1,100000,2,mean-encoding,5.70332,1.88006,0.144574,,,,,,,,,,372,167.218,331,"[100, 100]","[10, 10]",10
1000000,1000000,100000,FALSE,1,0.001,1,100000,2,embeddings,3.67427,1.48275,0.448906,0.9211,0.325733,0.378145,0.730113,,,0.0148077,,,102,143.7,1000331,"[100, 100]","[10, 10]",10
1000000,1000000,100000,FALSE,1,0.001,1,100000,2,embeddings-l2,3.81825,1.51685,0.42731,0.99892,0.250376,0.409524,0.63281,,,3.60E-06,,,271,204.044,1000331,"[100, 100]","[10, 10]",10
1000000,1000000,100000,FALSE,1,0.001,1,100000,2,hashing,5.70966,1.88124,0.143622,,,,,,,,,,140,1653.41,10471,"[100, 100]","[10, 10]",10
1000000,1000000,100000,FALSE,1,0.001,1,100000,2,regbeddings,3.65554,1.4873,0.451715,0.551015,0.370781,0.212635,0.75256,,,0.627735,,,454,777.214,2000331,"[100, 100]","[10, 10]",10
1000000,1000000,100000,FALSE,1,0.001,1,100000,2,tabtransformer,4.35875,1.6268,0.346242,,,,,,,,,,31,516.407,1007687,"[100, 100]","[10, 10]",10
1000000,1000000,100000,FALSE,1,0.001,1,100000,2,mmbeddings,3.26695,1.39305,0.509998,0.6597,0.305776,0.24802,0.743432,3.31917,,0.319659,,,506,2740.44,13651,"[100, 100]","[10, 10]",10
1000000,1000000,100000,FALSE,1,0.001,1,100000,3,ignore,4.43397,1.64784,0.17893,,,,,,,,,,550,203.246,231,"[100, 100]","[10, 10]",10
1000000,1000000,100000,FALSE,1,0.001,1,100000,3,mean-encoding,4.43498,1.64808,0.178741,,,,,,,,,,651,277.351,331,"[100, 100]","[10, 10]",10
1000000,1000000,100000,FALSE,1,0.001,1,100000,3,embeddings,3.40048,1.4177,0.370309,0.918886,0.220929,0.361056,0.618519,,,0.0136374,,,84,70.1928,1000331,"[100, 100]","[10, 10]",10
1000000,1000000,100000,FALSE,1,0.001,1,100000,3,embeddings-l2,3.32549,1.40428,0.384194,0.998968,0.211647,0.3798,0.5,,,2.77E-06,,,329,264.252,1000331,"[100, 100]","[10, 10]",10
1000000,1000000,100000,FALSE,1,0.001,1,100000,3,hashing,4.45568,1.65252,0.174909,,,,,,,,,,119,1414.06,10471,"[100, 100]","[10, 10]",10
1000000,1000000,100000,FALSE,1,0.001,1,100000,3,regbeddings,3.49562,1.4473,0.35269,0.644789,0.22149,0.24462,0.730862,,,0.319018,,,264,433.589,2000331,"[100, 100]","[10, 10]",10
1000000,1000000,100000,FALSE,1,0.001,1,100000,3,tabtransformer,3.86686,1.52243,0.283944,,,,,,,,,,29,475.939,1007687,"[100, 100]","[10, 10]",10
1000000,1000000,100000,FALSE,1,0.001,1,100000,3,mmbeddings,3.06836,1.33631,0.431809,0.645949,0.268644,0.237539,0.751417,3.18185,,0.295339,,,561,2889.91,13651,"[100, 100]","[10, 10]",10
1000000,1000000,100000,FALSE,1,0.001,1,100000,4,ignore,4.43992,1.64817,0.178163,,,,,,,,,,371,143.187,231,"[100, 100]","[10, 10]",10
1000000,1000000,100000,FALSE,1,0.001,1,100000,4,mean-encoding,4.43956,1.64807,0.178229,,,,,,,,,,437,206.305,331,"[100, 100]","[10, 10]",10
1000000,1000000,100000,FALSE,1,0.001,1,100000,4,embeddings,3.64907,1.47696,0.32455,0.916735,0.234431,0.357117,0.674992,,,0.0163724,,,90,79.0578,1000331,"[100, 100]","[10, 10]",10
1000000,1000000,100000,FALSE,1,0.001,1,100000,4,embeddings-l2,3.95795,1.54448,0.267376,0.999122,0.111877,0.378574,0.631416,,,2.62E-06,,,321,232.514,1000331,"[100, 100]","[10, 10]",10
1000000,1000000,100000,FALSE,1,0.001,1,100000,4,hashing,4.44961,1.65011,0.17637,,,,,,,,,,93,1172.44,10471,"[100, 100]","[10, 10]",10
1000000,1000000,100000,FALSE,1,0.001,1,100000,4,regbeddings,3.26178,1.40077,0.39624,0.453534,0.284536,0.172156,0.710333,,,0.875876,,,576,1045.82,2000331,"[100, 100]","[10, 10]",10
1000000,1000000,100000,FALSE,1,0.001,1,100000,4,tabtransformer,4.12698,1.57588,0.236089,,,,,,,,,,39,636.886,1007687,"[100, 100]","[10, 10]",10
1000000,1000000,100000,FALSE,1,0.001,1,100000,4,mmbeddings,2.94299,1.32217,0.455247,0.675807,0.247622,0.264138,0.699347,3.04966,,0.291034,,,561,2774.01,13651,"[100, 100]","[10, 10]",10
1000000,1000000,100000,FALSE,1,0.001,1,100000,5,ignore,5.61412,1.86453,0.141858,,,,,,,,,,297,106.924,231,"[100, 100]","[10, 10]",10
1000000,1000000,100000,FALSE,1,0.001,1,100000,5,mean-encoding,5.60409,1.86274,0.143392,,,,,,,,,,692,326.194,331,"[100, 100]","[10, 10]",10
1000000,1000000,100000,FALSE,1,0.001,1,100000,5,embeddings,3.47926,1.43758,0.468181,0.919257,0.362411,0.339894,0.735393,,,0.0149026,,,118,108.405,1000331,"[100, 100]","[10, 10]",10
1000000,1000000,100000,FALSE,1,0.001,1,100000,5,embeddings-l2,3.881,1.52359,0.406774,0.998889,0.262096,0.351821,0.5,,,3.65E-06,,,246,187.058,1000331,"[100, 100]","[10, 10]",10
1000000,1000000,100000,FALSE,1,0.001,1,100000,5,hashing,5.64634,1.86977,0.136933,,,,,,,,,,93,1111.12,10471,"[100, 100]","[10, 10]",10
1000000,1000000,100000,FALSE,1,0.001,1,100000,5,regbeddings,3.51046,1.45378,0.463411,0.518815,0.392869,0.195835,0.763289,,,0.658963,,,448,750.107,2000331,"[100, 100]","[10, 10]",10
1000000,1000000,100000,FALSE,1,0.001,1,100000,5,tabtransformer,4.13172,1.5733,0.36845,,,,,,,,,,37,586.055,1007687,"[100, 100]","[10, 10]",10
1000000,1000000,100000,FALSE,1,0.001,1,100000,5,mmbeddings,3.13692,1.35881,0.520509,0.631296,0.348115,0.234843,0.750787,3.26061,,0.374566,,,514,2751.51,13651,"[100, 100]","[10, 10]",10
1000000,1000000,100000,FALSE,1,0.001,1,100000,6,ignore,6.44706,2.01164,0.125022,,,,,,,,,,605,170.071,231,"[100, 100]","[10, 10]",10
1000000,1000000,100000,FALSE,1,0.001,1,100000,6,mean-encoding,6.44802,2.01188,0.124891,,,,,,,,,,343,145.701,331,"[100, 100]","[10, 10]",10
1000000,1000000,100000,FALSE,1,0.001,1,100000,6,embeddings,3.08956,1.38278,0.580693,0.919224,0.434487,0.320508,0.75215,,,0.015906,,,87,83.6758,1000331,"[100, 100]","[10, 10]",10
1000000,1000000,100000,FALSE,1,0.001,1,100000,6,embeddings-l2,3.14212,1.39625,0.57356,0.998849,0.398938,0.356858,0.738499,,,3.93E-06,,,353,263.695,1000331,"[100, 100]","[10, 10]",10
1000000,1000000,100000,FALSE,1,0.001,1,100000,6,hashing,6.43079,2.00953,0.12723,,,,,,,,,,116,1117.88,10471,"[100, 100]","[10, 10]",10
1000000,1000000,100000,FALSE,1,0.001,1,100000,6,regbeddings,3.49148,1.4739,0.526146,0.639823,0.438981,0.232327,0.771271,,,0.444055,,,315,445.005,2000331,"[100, 100]","[10, 10]",10
1000000,1000000,100000,FALSE,1,0.001,1,100000,6,tabtransformer,3.67436,1.50958,0.501326,,,,,,,,,,38,556.206,1007687,"[100, 100]","[10, 10]",10
1000000,1000000,100000,FALSE,1,0.001,1,100000,6,mmbeddings,2.93425,1.34346,0.601772,0.625672,0.432197,0.215762,0.75284,3.0678,,0.399171,,,745,3314.64,13651,"[100, 100]","[10, 10]",10
1000000,1000000,100000,FALSE,1,0.001,1,100000,7,ignore,4.26158,1.62239,0.185659,,,,,,,,,,351,97.7311,231,"[100, 100]","[10, 10]",10
1000000,1000000,100000,FALSE,1,0.001,1,100000,7,mean-encoding,4.26436,1.62298,0.185128,,,,,,,,,,312,111.688,331,"[100, 100]","[10, 10]",10
1000000,1000000,100000,FALSE,1,0.001,1,100000,7,embeddings,3.13453,1.37115,0.401027,0.912036,0.284672,0.366358,0.638901,,,0.0125287,,,104,83.657,1000331,"[100, 100]","[10, 10]",10
1000000,1000000,100000,FALSE,1,0.001,1,100000,7,embeddings-l2,3.14073,1.37545,0.399841,0.998856,0.255516,0.383808,0.5,,,2.73E-06,,,302,170.453,1000331,"[100, 100]","[10, 10]",10
1000000,1000000,100000,FALSE,1,0.001,1,100000,7,hashing,4.28837,1.62798,0.18054,,,,,,,,,,90,847.079,10471,"[100, 100]","[10, 10]",10
1000000,1000000,100000,FALSE,1,0.001,1,100000,7,regbeddings,3.15349,1.38117,0.397403,0.50629,0.327082,0.206796,0.70754,,,0.501478,,,389,565.712,2000331,"[100, 100]","[10, 10]",10
1000000,1000000,100000,FALSE,1,0.001,1,100000,7,tabtransformer,3.68299,1.49487,0.296221,,,,,,,,,,27,397.154,1007687,"[100, 100]","[10, 10]",10
1000000,1000000,100000,FALSE,1,0.001,1,100000,7,mmbeddings,2.92731,1.31986,0.440624,0.619374,0.295643,0.243936,0.66611,3.22086,,0.276196,,,666,2766.16,13651,"[100, 100]","[10, 10]",10
1000000,1000000,100000,FALSE,1,0.001,1,100000,8,ignore,5.04638,1.77426,0.170665,,,,,,,,,,334,95.0565,231,"[100, 100]","[10, 10]",10
1000000,1000000,100000,FALSE,1,0.001,1,100000,8,mean-encoding,5.04685,1.77436,0.170587,,,,,,,,,,382,144.858,331,"[100, 100]","[10, 10]",10
1000000,1000000,100000,FALSE,1,0.001,1,100000,8,embeddings,3.71049,1.50549,0.390208,0.911153,0.216556,0.356639,0.720276,,,0.0190428,,,129,143.671,1000331,"[100, 100]","[10, 10]",10
1000000,1000000,100000,FALSE,1,0.001,1,100000,8,embeddings-l2,3.83363,1.53154,0.369971,0.99898,0.16925,0.389053,0.590718,,,3.40E-06,,,233,136.219,1000331,"[100, 100]","[10, 10]",10
1000000,1000000,100000,FALSE,1,0.001,1,100000,8,hashing,5.04697,1.7747,0.170567,,,,,,,,,,67,633.268,10471,"[100, 100]","[10, 10]",10
1000000,1000000,100000,FALSE,1,0.001,1,100000,8,regbeddings,3.13009,1.38619,0.485592,0.427867,0.338709,0.165835,0.782867,,,1.00775,,,681,882.859,2000331,"[100, 100]","[10, 10]",10
1000000,1000000,100000,FALSE,1,0.001,1,100000,8,tabtransformer,4.12019,1.59092,0.322876,,,,,,,,,,44,693.751,1007687,"[100, 100]","[10, 10]",10
1000000,1000000,100000,FALSE,1,0.001,1,100000,8,mmbeddings,2.943,1.34041,0.516339,0.667739,0.280649,0.253942,0.745485,3.18758,,0.310973,,,671,2810.58,13651,"[100, 100]","[10, 10]",10
1000000,1000000,100000,FALSE,1,0.001,1,100000,9,ignore,4.2871,1.61474,0.183307,,,,,,,,,,617,185.176,231,"[100, 100]","[10, 10]",10
1000000,1000000,100000,FALSE,1,0.001,1,100000,9,mean-encoding,4.28784,1.61488,0.183166,,,,,,,,,,462,165.755,331,"[100, 100]","[10, 10]",10
1000000,1000000,100000,FALSE,1,0.001,1,100000,9,embeddings,3.64625,1.46775,0.305389,0.918378,0.187756,0.356573,0.622108,,,0.015253,,,100,83.5824,1000331,"[100, 100]","[10, 10]",10
1000000,1000000,100000,FALSE,1,0.001,1,100000,9,embeddings-l2,3.79172,1.50466,0.277676,0.999106,0.117434,0.402583,0.603468,,,2.59E-06,,,253,143.515,1000331,"[100, 100]","[10, 10]",10
1000000,1000000,100000,FALSE,1,0.001,1,100000,9,hashing,4.30372,1.61831,0.180139,,,,,,,,,,80,810.878,10471,"[100, 100]","[10, 10]",10
1000000,1000000,100000,FALSE,1,0.001,1,100000,9,regbeddings,3.47297,1.43788,0.338398,0.515836,0.225349,0.212174,0.641263,,,0.651206,,,443,579.053,2000331,"[100, 100]","[10, 10]",10
1000000,1000000,100000,FALSE,1,0.001,1,100000,9,tabtransformer,4.23404,1.59317,0.193414,,,,,,,,,,40,633.027,1007687,"[100, 100]","[10, 10]",10
1000000,1000000,100000,FALSE,1,0.001,1,100000,9,mmbeddings,3.25201,1.37962,0.380491,0.705568,0.214221,0.281023,0.617236,3.36758,,0.230027,,,777,3166.66,13651,"[100, 100]","[10, 10]",10
1000000,1000000,100000,FALSE,1,0.001,1,100000,10,ignore,4.7928,1.70793,0.158047,,,,,,,,,,343,143.154,231,"[100, 100]","[10, 10]",10
1000000,1000000,100000,FALSE,1,0.001,1,100000,10,mean-encoding,4.7931,1.70803,0.157993,,,,,,,,,,424,155.857,331,"[100, 100]","[10, 10]",10
1000000,1000000,100000,FALSE,1,0.001,1,100000,10,embeddings,4.13285,1.57103,0.27398,0.93275,0.20316,0.322501,0.63384,,,0.0131126,,,78,54.2203,1000331,"[100, 100]","[10, 10]",10
1000000,1000000,100000,FALSE,1,0.001,1,100000,10,embeddings-l2,4.02474,1.55272,0.292972,0.999124,0.16609,0.346483,0.5,,,2.97E-06,,,257,203.45,1000331,"[100, 100]","[10, 10]",10
1000000,1000000,100000,FALSE,1,0.001,1,100000,10,hashing,4.80179,1.70973,0.156468,,,,,,,,,,91,871.558,10471,"[100, 100]","[10, 10]",10
1000000,1000000,100000,FALSE,1,0.001,1,100000,10,regbeddings,3.8804,1.52546,0.318328,0.591469,0.217753,0.215134,0.688685,,,0.573588,,,427,565.776,2000331,"[100, 100]","[10, 10]",10
1000000,1000000,100000,FALSE,1,0.001,1,100000,10,tabtransformer,4.47468,1.64131,0.213931,,,,,,,,,,28,451.916,1007687,"[100, 100]","[10, 10]",10
1000000,1000000,100000,FALSE,1,0.001,1,100000,10,mmbeddings,3.69763,1.4757,0.350435,0.695291,0.213828,0.243426,0.685167,3.78977,,0.319068,,,581,2510.23,13651,"[100, 100]","[10, 10]",10
1000000,1000000,100000,FALSE,1,0.001,1,100000,11,ignore,5.40466,1.72282,0.146781,,,,,,,,,,288,83.153,231,"[100, 100]","[10, 10]",10
1000000,1000000,100000,FALSE,1,0.001,1,100000,11,mean-encoding,5.40283,1.72247,0.147069,,,,,,,,,,357,144.991,331,"[100, 100]","[10, 10]",10
1000000,1000000,100000,FALSE,1,0.001,1,100000,11,embeddings,4.26744,1.49758,0.326311,0.930949,0.202647,0.298476,0.624957,,,0.0116584,,,73,83.5932,1000331,"[100, 100]","[10, 10]",10
1000000,1000000,100000,FALSE,1,0.001,1,100000,11,embeddings-l2,4.21704,1.49517,0.334267,0.999031,0.17636,0.3558,0.5,,,3.18E-06,,,237,143.938,1000331,"[100, 100]","[10, 10]",10
1000000,1000000,100000,FALSE,1,0.001,1,100000,11,hashing,5.40488,1.72289,0.146746,,,,,,,,,,69,693.514,10471,"[100, 100]","[10, 10]",10
1000000,1000000,100000,FALSE,1,0.001,1,100000,11,regbeddings,4.07066,1.45401,0.357375,0.555727,0.260007,0.193122,0.649785,,,0.58303,,,433,625.107,2000331,"[100, 100]","[10, 10]",10
1000000,1000000,100000,FALSE,1,0.001,1,100000,11,tabtransformer,4.8513,1.61891,0.234138,,,,,,,,,,33,510.976,1007687,"[100, 100]","[10, 10]",10
1000000,1000000,100000,FALSE,1,0.001,1,100000,11,mmbeddings,3.50277,1.32854,0.447027,0.596272,0.24855,0.20286,0.633623,3.6269,,0.516121,,,361,1679.79,13651,"[100, 100]","[10, 10]",10
1000000,1000000,100000,FALSE,1,0.001,1,100000,12,ignore,3.98157,1.57314,0.200818,,,,,,,,,,435,127.726,231,"[100, 100]","[10, 10]",10
1000000,1000000,100000,FALSE,1,0.001,1,100000,12,mean-encoding,3.98154,1.57307,0.200825,,,,,,,,,,512,181.668,331,"[100, 100]","[10, 10]",10
1000000,1000000,100000,FALSE,1,0.001,1,100000,12,embeddings,3.34914,1.43338,0.32776,0.922621,0.235101,0.333247,0.684523,,,0.0120489,,,69,47.4521,1000331,"[100, 100]","[10, 10]",10
1000000,1000000,100000,FALSE,1,0.001,1,100000,12,embeddings-l2,3.3413,1.43415,0.329334,0.999006,0.17192,0.364882,0.662206,,,2.57E-06,,,261,149.256,1000331,"[100, 100]","[10, 10]",10
1000000,1000000,100000,FALSE,1,0.001,1,100000,12,hashing,4.00377,1.57807,0.196362,,,,,,,,,,113,1049.49,10471,"[100, 100]","[10, 10]",10
1000000,1000000,100000,FALSE,1,0.001,1,100000,12,regbeddings,3.3594,1.44012,0.325701,0.640959,0.213427,0.223394,0.711944,,,0.31467,,,271,362.405,2000331,"[100, 100]","[10, 10]",10
1000000,1000000,100000,FALSE,1,0.001,1,100000,12,tabtransformer,3.78854,1.52528,0.239563,,,,,,,,,,32,464.711,1007687,"[100, 100]","[10, 10]",10
1000000,1000000,100000,FALSE,1,0.001,1,100000,12,mmbeddings,2.69527,1.28564,0.459005,0.676262,0.259937,0.248434,0.754512,2.85806,,0.235545,,,732,3129.26,13651,"[100, 100]","[10, 10]",10
1000000,1000000,100000,FALSE,1,0.001,1,100000,13,ignore,5.98242,1.92153,0.136055,,,,,,,,,,312,143.378,231,"[100, 100]","[10, 10]",10
1000000,1000000,100000,FALSE,1,0.001,1,100000,13,mean-encoding,5.98565,1.92208,0.135588,,,,,,,,,,432,204.772,331,"[100, 100]","[10, 10]",10
1000000,1000000,100000,FALSE,1,0.001,1,100000,13,embeddings,4.22396,1.57963,0.390002,0.92687,0.270247,0.36869,0.704716,,,0.0152447,,,90,83.5532,1000331,"[100, 100]","[10, 10]",10
1000000,1000000,100000,FALSE,1,0.001,1,100000,13,embeddings-l2,4.24702,1.59071,0.386671,0.99901,0.227162,0.406638,0.563535,,,3.48E-06,,,308,203.502,1000331,"[100, 100]","[10, 10]",10
1000000,1000000,100000,FALSE,1,0.001,1,100000,13,hashing,5.98227,1.92172,0.136078,,,,,,,,,,74,692.888,10471,"[100, 100]","[10, 10]",10
1000000,1000000,100000,FALSE,1,0.001,1,100000,13,regbeddings,4.26002,1.59798,0.384794,0.643381,0.282675,0.245999,0.786498,,,0.429952,,,306,444.732,2000331,"[100, 100]","[10, 10]",10
1000000,1000000,100000,FALSE,1,0.001,1,100000,13,tabtransformer,4.53801,1.64535,0.344648,,,,,,,,,,33,479.275,1007687,"[100, 100]","[10, 10]",10
1000000,1000000,100000,FALSE,1,0.001,1,100000,13,mmbeddings,3.55141,1.43617,0.487127,0.662814,0.29177,0.22713,0.732677,3.79901,,0.377969,,,486,2184.19,13651,"[100, 100]","[10, 10]",10
1000,10000,100,FALSE,1,0.001,1,100,0,unified,4.54032,1.66169,0.234988,,,,,,,,,,94,12.2666,1331,"[100, 100]","[10, 10]",10
1000,10000,100,FALSE,1,0.001,1,100,1,unified,3.83359,1.55207,0.239547,,,,,,,,,,84,6.52738,1331,"[100, 100]","[10, 10]",10
1000,10000,100,FALSE,1,0.001,1,100,2,unified,4.60383,1.6852,0.291939,,,,,,,,,,57,4.97702,1331,"[100, 100]","[10, 10]",10
1000,10000,100,FALSE,1,0.001,1,100,3,unified,3.88444,1.53621,0.28831,,,,,,,,,,45,3.36754,1331,"[100, 100]","[10, 10]",10
1000,10000,100,FALSE,1,0.001,1,100,4,unified,4.90881,1.7384,0.228019,,,,,,,,,,128,11.5971,1331,"[100, 100]","[10, 10]",10
1000,10000,100,FALSE,1,0.001,1,100,5,unified,4.00381,1.56011,0.389447,,,,,,,,,,62,6.85707,1331,"[100, 100]","[10, 10]",10
1000,10000,100,FALSE,1,0.001,1,100,6,unified,3.08056,1.39827,0.344888,,,,,,,,,,40,4.37551,1331,"[100, 100]","[10, 10]",10
1000,10000,100,FALSE,1,0.001,1,100,7,unified,4.06208,1.56122,0.204181,,,,,,,,,,42,3.80093,1331,"[100, 100]","[10, 10]",10
1000,10000,100,FALSE,1,0.001,1,100,8,unified,3.55059,1.4707,0.272418,,,,,,,,,,101,6.65514,1331,"[100, 100]","[10, 10]",10
1000,10000,100,FALSE,1,0.001,1,100,9,unified,3.83283,1.50989,0.208551,,,,,,,,,,61,5.44735,1331,"[100, 100]","[10, 10]",10
1000,10000,100,FALSE,1,0.001,1,100,10,unified,4.8185,1.72027,0.235289,,,,,,,,,,139,11.4288,1331,"[100, 100]","[10, 10]",10
1000,10000,100,FALSE,1,0.001,1,100,11,unified,3.39633,1.45676,0.243129,,,,,,,,,,52,3.6978,1331,"[100, 100]","[10, 10]",10
1000,10000,100,FALSE,1,0.001,1,100,12,unified,3.21261,1.41898,0.335647,,,,,,,,,,103,7.12575,1331,"[100, 100]","[10, 10]",10
1000,10000,100,FALSE,1,0.001,1,100,13,unified,3.90598,1.54728,0.275798,,,,,,,,,,35,4.03805,1331,"[100, 100]","[10, 10]",10
1000,10000,100,FALSE,1,0.001,1,100,14,unified,4.36877,1.63351,0.261218,,,,,,,,,,48,3.8083,1331,"[100, 100]","[10, 10]",10
1000,10000,100,FALSE,1,0.001,1,100,15,unified,4.20481,1.60661,0.244948,,,,,,,,,,56,6.30496,1331,"[100, 100]","[10, 10]",10
1000,10000,100,FALSE,1,0.001,1,100,16,unified,4.27607,1.5953,0.213249,,,,,,,,,,44,3.47559,1331,"[100, 100]","[10, 10]",10
1000,10000,100,FALSE,1,0.001,1,100,17,unified,4.55296,1.68151,0.212976,,,,,,,,,,50,3.78091,1331,"[100, 100]","[10, 10]",10
1000,10000,100,FALSE,1,0.001,1,100,18,unified,4.49293,1.65855,0.29225,,,,,,,,,,127,11.5498,1331,"[100, 100]","[10, 10]",10
1000,10000,100,FALSE,1,0.001,1,100,19,unified,4.34339,1.64329,0.288621,,,,,,,,,,70,4.81161,1331,"[100, 100]","[10, 10]",10
10000,100000,1000,FALSE,1,0.001,1,1000,0,unified,3.71488,1.51563,0.297891,,,,,,,,,,36,4.56726,10331,"[100, 100]","[10, 10]",10
10000,100000,1000,FALSE,1,0.001,1,1000,1,unified,3.48394,1.45413,0.264798,,,,,,,,,,101,11.5814,10331,"[100, 100]","[10, 10]",10
10000,100000,1000,FALSE,1,0.001,1,1000,2,unified,4.09646,1.58145,0.33335,,,,,,,,,,54,6.96501,10331,"[100, 100]","[10, 10]",10
10000,100000,1000,FALSE,1,0.001,1,1000,3,unified,3.94526,1.55971,0.379917,,,,,,,,,,57,6.5674,10331,"[100, 100]","[10, 10]",10
10000,100000,1000,FALSE,1,0.001,1,1000,4,unified,3.76576,1.51581,0.358336,,,,,,,,,,125,9.59545,10331,"[100, 100]","[10, 10]",10
10000,100000,1000,FALSE,1,0.001,1,1000,5,unified,3.60221,1.46858,0.25163,,,,,,,,,,51,4.18871,10331,"[100, 100]","[10, 10]",10
10000,100000,1000,FALSE,1,0.001,1,1000,6,unified,3.83903,1.5241,0.327079,,,,,,,,,,93,11.617,10331,"[100, 100]","[10, 10]",10
10000,100000,1000,FALSE,1,0.001,1,1000,7,unified,4.49864,1.6516,0.287888,,,,,,,,,,126,11.506,10331,"[100, 100]","[10, 10]",10
10000,100000,1000,FALSE,1,0.001,1,1000,8,unified,3.52172,1.47103,0.375343,,,,,,,,,,113,8.20601,10331,"[100, 100]","[10, 10]",10
10000,100000,1000,FALSE,1,0.001,1,1000,9,unified,3.92791,1.55969,0.33177,,,,,,,,,,39,4.65143,10331,"[100, 100]","[10, 10]",10
10000,100000,1000,FALSE,1,0.001,1,1000,10,unified,4.46275,1.63791,0.242638,,,,,,,,,,126,11.5584,10331,"[100, 100]","[10, 10]",10
10000,100000,1000,FALSE,1,0.001,1,1000,11,unified,3.99062,1.54747,0.257745,,,,,,,,,,102,7.58806,10331,"[100, 100]","[10, 10]",10
10000,100000,1000,FALSE,1,0.001,1,1000,12,unified,3.7034,1.50135,0.388137,,,,,,,,,,120,9.45775,10331,"[100, 100]","[10, 10]",10
10000,100000,1000,FALSE,1,0.001,1,1000,13,unified,4.68544,1.67702,0.296519,,,,,,,,,,64,5.00601,10331,"[100, 100]","[10, 10]",10
10000,100000,1000,FALSE,1,0.001,1,1000,14,unified,4.13384,1.58125,0.247526,,,,,,,,,,91,12.0816,10331,"[100, 100]","[10, 10]",10
10000,100000,1000,FALSE,1,0.001,1,1000,15,unified,5.04852,1.75222,0.316762,,,,,,,,,,92,7.60707,10331,"[100, 100]","[10, 10]",10
10000,100000,1000,FALSE,1,0.001,1,1000,16,unified,3.97082,1.56189,0.26463,,,,,,,,,,71,5.33465,10331,"[100, 100]","[10, 10]",10
10000,100000,1000,FALSE,1,0.001,1,1000,17,unified,4.14584,1.58414,0.283264,,,,,,,,,,96,11.6579,10331,"[100, 100]","[10, 10]",10
10000,100000,1000,FALSE,1,0.001,1,1000,18,unified,4.91704,1.72639,0.305675,,,,,,,,,,62,7.41492,10331,"[100, 100]","[10, 10]",10
10000,100000,1000,FALSE,1,0.001,1,1000,19,unified,3.77274,1.50397,0.273744,,,,,,,,,,92,6.28869,10331,"[100, 100]","[10, 10]",10
100000,100000,10000,FALSE,1,0.001,1,10000,0,unified,3.23171,1.41456,0.345962,,,,,,,,,,75,22.4055,100331,"[100, 100]","[10, 10]",10
100000,100000,10000,FALSE,1,0.001,1,10000,1,unified,4.32014,1.62302,0.295534,,,,,,,,,,72,12.5098,100331,"[100, 100]","[10, 10]",10
100000,100000,10000,FALSE,1,0.001,1,10000,2,unified,4.78639,1.69833,0.312923,,,,,,,,,,89,21.6329,100331,"[100, 100]","[10, 10]",10
100000,100000,10000,FALSE,1,0.001,1,10000,3,unified,4.13404,1.55623,0.281698,,,,,,,,,,80,13.1384,100331,"[100, 100]","[10, 10]",10
100000,100000,10000,FALSE,1,0.001,1,10000,4,unified,3.61566,1.48262,0.292029,,,,,,,,,,65,11.1876,100331,"[100, 100]","[10, 10]",10
100000,100000,10000,FALSE,1,0.001,1,10000,5,unified,4.55634,1.66463,0.354166,,,,,,,,,,95,15.0459,100331,"[100, 100]","[10, 10]",10
100000,100000,10000,FALSE,1,0.001,1,10000,6,unified,3.7065,1.49926,0.333636,,,,,,,,,,94,14.954,100331,"[100, 100]","[10, 10]",10
100000,100000,10000,FALSE,1,0.001,1,10000,7,unified,3.58381,1.48256,0.285053,,,,,,,,,,98,15.4229,100331,"[100, 100]","[10, 10]",10
100000,100000,10000,FALSE,1,0.001,1,10000,8,unified,4.36569,1.63165,0.420182,,,,,,,,,,94,21.7824,100331,"[100, 100]","[10, 10]",10
100000,100000,10000,FALSE,1,0.001,1,10000,9,unified,3.81119,1.51382,0.237368,,,,,,,,,,73,21.7632,100331,"[100, 100]","[10, 10]",10
100000,100000,10000,FALSE,1,0.001,1,10000,10,unified,3.51643,1.46444,0.311835,,,,,,,,,,68,11.5007,100331,"[100, 100]","[10, 10]",10
100000,100000,10000,FALSE,1,0.001,1,10000,11,unified,3.53999,1.47618,0.31021,,,,,,,,,,91,16.4287,100331,"[100, 100]","[10, 10]",10
100000,100000,10000,FALSE,1,0.001,1,10000,12,unified,4.63306,1.6659,0.27899,,,,,,,,,,79,21.6484,100331,"[100, 100]","[10, 10]",10
100000,100000,10000,FALSE,1,0.001,1,10000,13,unified,3.42431,1.44882,0.245457,,,,,,,,,,62,11.1845,100331,"[100, 100]","[10, 10]",10
100000,100000,10000,FALSE,1,0.001,1,10000,14,unified,3.91714,1.53703,0.254983,,,,,,,,,,111,17.6527,100331,"[100, 100]","[10, 10]",10
100000,100000,10000,FALSE,1,0.001,1,10000,15,unified,4.29202,1.61879,0.251154,,,,,,,,,,114,22.0076,100331,"[100, 100]","[10, 10]",10
100000,100000,10000,FALSE,1,0.001,1,10000,16,unified,4.60955,1.65368,0.330322,,,,,,,,,,134,20.4757,100331,"[100, 100]","[10, 10]",10
100000,100000,10000,FALSE,1,0.001,1,10000,17,unified,3.50055,1.46065,0.256318,,,,,,,,,,70,22.1116,100331,"[100, 100]","[10, 10]",10
100000,100000,10000,FALSE,1,0.001,1,10000,18,unified,3.97635,1.54544,0.230576,,,,,,,,,,88,21.6334,100331,"[100, 100]","[10, 10]",10
100000,100000,10000,FALSE,1,0.001,1,10000,19,unified,3.57275,1.46847,0.323628,,,,,,,,,,82,21.7304,100331,"[100, 100]","[10, 10]",10
1000000,1000000,100000,FALSE,1,0.001,1,100000,0,unified,3.74703,1.51352,0.339571,,,,,,,,,,95,145.463,1000331,"[100, 100]","[10, 10]",10
1000000,1000000,100000,FALSE,1,0.001,1,100000,1,unified,4.61033,1.65283,0.260833,,,,,,,,,,86,143.916,1000331,"[100, 100]","[10, 10]",10
1000000,1000000,100000,FALSE,1,0.001,1,100000,2,unified,3.87052,1.53249,0.300461,,,,,,,,,,73,84.4724,1000331,"[100, 100]","[10, 10]",10
1000000,1000000,100000,FALSE,1,0.001,1,100000,3,unified,3.57685,1.48679,0.325614,,,,,,,,,,86,92.2803,1000331,"[100, 100]","[10, 10]",10
1000000,1000000,100000,FALSE,1,0.001,1,100000,4,unified,4.31741,1.62094,0.267767,,,,,,,,,,65,84.4466,1000331,"[100, 100]","[10, 10]",10
1000000,1000000,100000,FALSE,1,0.001,1,100000,5,unified,3.61809,1.47536,0.271904,,,,,,,,,,76,144.116,1000331,"[100, 100]","[10, 10]",10
1000000,1000000,100000,FALSE,1,0.001,1,100000,6,unified,4.71472,1.67917,0.295111,,,,,,,,,,81,144.374,1000331,"[100, 100]","[10, 10]",10
1000000,1000000,100000,FALSE,1,0.001,1,100000,7,unified,4.85941,1.71311,0.291582,,,,,,,,,,125,144.936,1000331,"[100, 100]","[10, 10]",10
1000000,1000000,100000,FALSE,1,0.001,1,100000,8,unified,3.67131,1.49897,0.380238,,,,,,,,,,73,71.9033,1000331,"[100, 100]","[10, 10]",10
1000000,1000000,100000,FALSE,1,0.001,1,100000,9,unified,4.71314,1.68861,0.34126,,,,,,,,,,154,204.615,1000331,"[100, 100]","[10, 10]",10
1000000,1000000,100000,FALSE,1,0.001,1,100000,10,unified,3.42845,1.45235,0.34597,,,,,,,,,,84,88.2756,1000331,"[100, 100]","[10, 10]",10
1000000,1000000,100000,FALSE,1,0.001,1,100000,11,unified,3.91835,1.53558,0.311465,,,,,,,,,,130,145.502,1000331,"[100, 100]","[10, 10]",10
1000000,1000000,100000,FALSE,1,0.001,1,100000,12,unified,3.45814,1.46108,0.326072,,,,,,,,,,58,63.1175,1000331,"[100, 100]","[10, 10]",10
1000000,1000000,100000,FALSE,1,0.001,1,100000,13,unified,4.25364,1.59338,0.322087,,,,,,,,,,119,123.738,1000331,"[100, 100]","[10, 10]",10
1000000,1000000,100000,FALSE,1,0.001,1,100000,14,unified,3.15992,1.38708,0.272997,,,,,,,,,,56,83.945,1000331,"[100, 100]","[10, 10]",10
1000000,1000000,100000,FALSE,1,0.001,1,100000,15,unified,4.25345,1.59784,0.336275,,,,,,,,,,74,77.2947,1000331,"[100, 100]","[10, 10]",10
1000000,1000000,100000,FALSE,1,0.001,1,100000,16,unified,3.96783,1.54842,0.245298,,,,,,,,,,82,83.5818,1000331,"[100, 100]","[10, 10]",10
1000000,1000000,100000,FALSE,1,0.001,1,100000,17,unified,3.76546,1.50609,0.257691,,,,,,,,,,82,86.702,1000331,"[100, 100]","[10, 10]",10
1000000,1000000,100000,FALSE,1,0.001,1,100000,18,unified,3.94158,1.55076,0.400154,,,,,,,,,,80,83.912,1000331,"[100, 100]","[10, 10]",10
1000000,1000000,100000,FALSE,1,0.001,1,100000,19,unified,3.19541,1.39533,0.286984,,,,,,,,,,89,143.833,1000331,"[100, 100]","[10, 10]",10
1000,100000,100,FALSE,1,0.001,1,100,0,lmmnn,3.7604,1.5091,0.211168,,,,,,1.20286,1.1736,232.987,246.737,29,25.2051,233,"[100, 100]","[10, 10]",10
1000,100000,100,FALSE,1,0.001,1,100,0,tabnet,4.45572,1.6458,0.0653082,,,,,,,,,,54,44.9738,37419,"[100, 100]","[10, 10]",10
1000,100000,100,FALSE,1,0.001,1,100,1,lmmnn,4.17474,1.59885,0.249996,,,,,,2.04988,1.60041,204.873,224.406,262,40.2525,233,"[100, 100]","[10, 10]",10
1000,100000,100,FALSE,1,0.001,1,100,1,tabnet,5.30115,1.80297,0.0476323,,,,,,,,,,51,42.8228,37419,"[100, 100]","[10, 10]",10
1000,100000,100,FALSE,1,0.001,1,100,2,lmmnn,3.80611,1.52001,0.246187,,,,,,1.6967,1.33641,204.307,225.037,164,31.9722,233,"[100, 100]","[10, 10]",10
1000,100000,100,FALSE,1,0.001,1,100,2,tabnet,4.6499,1.68438,0.079072,,,,,,,,,,42,39.2873,37419,"[100, 100]","[10, 10]",10
1000,100000,100,FALSE,1,0.001,1,100,3,lmmnn,4.28828,1.61438,0.242835,,,,,,1.72684,1.54164,226.01,236.735,144,30.8469,233,"[100, 100]","[10, 10]",10
1000,100000,100,FALSE,1,0.001,1,100,3,tabnet,5.34897,1.81012,0.0555519,,,,,,,,,,47,41.6275,37419,"[100, 100]","[10, 10]",10
1000,100000,100,FALSE,1,0.001,1,100,4,lmmnn,3.8173,1.52146,0.299645,,,,,,1.84622,1.63523,208.699,220.817,205,37.9847,233,"[100, 100]","[10, 10]",10
1000,100000,100,FALSE,1,0.001,1,100,4,tabnet,5.08848,1.77424,0.0664236,,,,,,,,,,43,40.4414,37419,"[100, 100]","[10, 10]",10
1000,100000,100,FALSE,1,0.001,1,100,5,lmmnn,3.66965,1.4878,0.227626,,,,,,1.78415,1.36506,203.206,219.287,176,36.3053,233,"[100, 100]","[10, 10]",10
1000,100000,100,FALSE,1,0.001,1,100,5,tabnet,4.85964,1.71349,-0.0228378,,,,,,,,,,48,40.828,37419,"[100, 100]","[10, 10]",10
1000,100000,100,FALSE,1,0.001,1,100,6,lmmnn,3.79396,1.50349,0.295088,,,,,,1.89854,1.63896,210.69,216.304,206,37.4233,233,"[100, 100]","[10, 10]",10
1000,100000,100,FALSE,1,0.001,1,100,6,tabnet,5.01338,1.74284,0.0685223,,,,,,,,,,53,45.0473,37419,"[100, 100]","[10, 10]",10
1000,100000,100,FALSE,1,0.001,1,100,7,lmmnn,4.21465,1.59514,0.305727,,,,,,1.64493,1.60693,221.873,236.435,121,28.9938,233,"[100, 100]","[10, 10]",10
1000,100000,100,FALSE,1,0.001,1,100,7,tabnet,5.50674,1.83,0.0928833,,,,,,,,,,67,47.3188,37419,"[100, 100]","[10, 10]",10
1000,100000,100,FALSE,1,0.001,1,100,8,lmmnn,3.54318,1.47022,0.338965,,,,,,1.66726,1.60392,207.891,214.616,140,31.595,233,"[100, 100]","[10, 10]",10
1000,100000,100,FALSE,1,0.001,1,100,8,tabnet,5.07451,1.7687,0.053273,,,,,,,,,,42,41.5675,37419,"[100, 100]","[10, 10]",10
1000,100000,100,FALSE,1,0.001,1,100,9,lmmnn,3.31321,1.43674,0.313985,,,,,,1.99054,1.46641,199.114,206.41,282,42.8332,233,"[100, 100]","[10, 10]",10
1000,100000,100,FALSE,1,0.001,1,100,9,tabnet,4.56714,1.68302,0.054354,,,,,,,,,,43,40.062,37419,"[100, 100]","[10, 10]",10
10000,100000,1000,FALSE,1,0.001,1,1000,0,lmmnn,3.28787,1.41904,0.445949,,,,,,2.55498,2.1893,2068.89,1998.11,450,364.002,233,"[100, 100]","[10, 10]",10
10000,100000,1000,FALSE,1,0.001,1,1000,0,tabnet,5.0191,1.76085,0.154213,,,,,,,,,,68,85.9296,46419,"[100, 100]","[10, 10]",10
10000,100000,1000,FALSE,1,0.001,1,1000,1,lmmnn,3.20181,1.38917,0.455983,,,,,,2.39829,2.13989,2048.51,1986.47,390,312.969,233,"[100, 100]","[10, 10]",10
10000,100000,1000,FALSE,1,0.001,1,1000,1,tabnet,5.14762,1.7731,0.125374,,,,,,,,,,46,63.7307,46419,"[100, 100]","[10, 10]",10
10000,100000,1000,FALSE,1,0.001,1,1000,2,lmmnn,3.27362,1.41785,0.318496,,,,,,2.77662,0.929632,2025.33,1998.51,603,492.195,233,"[100, 100]","[10, 10]",10
10000,100000,1000,FALSE,1,0.001,1,1000,2,tabnet,4.45308,1.661,0.0729547,,,,,,,,,,40,57.0861,46419,"[100, 100]","[10, 10]",10
10000,100000,1000,FALSE,1,0.001,1,1000,3,lmmnn,2.97212,1.32264,0.353506,,,,,,2.5267,0.926214,1987.65,1947.82,533,437.77,233,"[100, 100]","[10, 10]",10
10000,100000,1000,FALSE,1,0.001,1,1000,3,tabnet,4.21873,1.60101,0.0823449,,,,,,,,,,45,63.0124,46419,"[100, 100]","[10, 10]",10
10000,100000,1000,FALSE,1,0.001,1,1000,4,lmmnn,3.14137,1.37822,0.325202,,,,,,2.29843,1.27106,2006.67,1986.66,376,322.855,233,"[100, 100]","[10, 10]",10
10000,100000,1000,FALSE,1,0.001,1,1000,4,tabnet,4.26909,1.61847,0.082956,,,,,,,,,,50,67.5519,46419,"[100, 100]","[10, 10]",10
10000,100000,1000,FALSE,1,0.001,1,1000,5,lmmnn,3.8557,1.53141,0.330453,,,,,,2.47973,1.94646,2122.87,2107.19,362,308.102,233,"[100, 100]","[10, 10]",10
10000,100000,1000,FALSE,1,0.001,1,1000,5,tabnet,5.4248,1.82231,0.0579783,,,,,,,,,,49,65.252,46419,"[100, 100]","[10, 10]",10
10000,100000,1000,FALSE,1,0.001,1,1000,6,lmmnn,3.17839,1.39348,0.430405,,,,,,2.41458,2.03634,2035.47,1979.34,406,338.105,233,"[100, 100]","[10, 10]",10
10000,100000,1000,FALSE,1,0.001,1,1000,6,tabnet,4.65236,1.69443,0.166258,,,,,,,,,,54,70.6233,46419,"[100, 100]","[10, 10]",10
10000,100000,1000,FALSE,1,0.001,1,1000,7,lmmnn,4.15987,1.57992,0.390695,,,,,,2.89076,2.56362,2176.86,2130.94,489,416.169,233,"[100, 100]","[10, 10]",10
10000,100000,1000,FALSE,1,0.001,1,1000,7,tabnet,5.99002,1.91419,0.122628,,,,,,,,,,56,73.0577,46419,"[100, 100]","[10, 10]",10
10000,100000,1000,FALSE,1,0.001,1,1000,8,lmmnn,3.40788,1.45033,0.299293,,,,,,2.75868,0.967149,2044.31,2020.74,543,452.105,233,"[100, 100]","[10, 10]",10
10000,100000,1000,FALSE,1,0.001,1,1000,8,tabnet,4.53473,1.67701,0.067597,,,,,,,,,,49,64.6197,46419,"[100, 100]","[10, 10]",10
10000,100000,1000,FALSE,1,0.001,1,1000,9,lmmnn,3.35161,1.42158,0.411189,,,,,,2.22273,1.88447,2084.27,2029.83,310,274.026,233,"[100, 100]","[10, 10]",10
10000,100000,1000,FALSE,1,0.001,1,1000,9,tabnet,6.45471,2.00568,-0.133964,,,,,,,,,,27,45.7076,46419,"[100, 100]","[10, 10]",10
100000,100000,10000,FALSE,1,0.001,1,10000,0,tabnet,7.06716,2.11357,-0.187048,,,,,,,,,,23,189.759,136419,"[100, 100]","[10, 10]",10
100000,100000,10000,FALSE,1,0.001,1,10000,1,tabnet,4.03105,1.58307,0.0835992,,,,,,,,,,33,257.02,136419,"[100, 100]","[10, 10]",10
100000,100000,10000,FALSE,1,0.001,1,10000,2,tabnet,5.06046,1.76724,0.00115719,,,,,,,,,,48,365.289,136419,"[100, 100]","[10, 10]",10
100000,100000,10000,FALSE,1,0.001,1,10000,3,tabnet,5.72215,1.8729,0.0543984,,,,,,,,,,42,321.081,136419,"[100, 100]","[10, 10]",10
100000,100000,10000,FALSE,1,0.001,1,10000,4,tabnet,6.78723,2.07662,-0.179964,,,,,,,,,,17,141.686,136419,"[100, 100]","[10, 10]",10
100000,100000,10000,FALSE,1,0.001,1,10000,5,tabnet,5.28013,1.82462,-0.0620435,,,,,,,,,,28,220.749,136419,"[100, 100]","[10, 10]",10
100000,100000,10000,FALSE,1,0.001,1,10000,6,tabnet,4.20641,1.61554,0.109174,,,,,,,,,,35,270.865,136419,"[100, 100]","[10, 10]",10
100000,100000,10000,FALSE,1,0.001,1,10000,7,tabnet,4.96011,1.75922,0.0712014,,,,,,,,,,53,400.372,136419,"[100, 100]","[10, 10]",10
100000,100000,10000,FALSE,1,0.001,1,10000,8,tabnet,5.25953,1.79551,0.0069119,,,,,,,,,,48,364.726,136419,"[100, 100]","[10, 10]",10
100000,100000,10000,FALSE,1,0.001,1,10000,9,tabnet,4.84143,1.73124,0.210616,,,,,,,,,,59,443.846,136419,"[100, 100]","[10, 10]",10
1000000,1000000,10000,FALSE,1,0.001,1,100000,0,tabnet,3.63827,1.49709,0.302313,,,,,,,,,,30,2244.27,1036419,"[100, 100]","[10, 10]",10
1000000,1000000,10000,FALSE,1,0.001,1,100000,1,tabnet,4.25101,1.59402,0.288128,,,,,,,,,,26,1950.73,1036419,"[100, 100]","[10, 10]",10
1000000,1000000,10000,FALSE,1,0.001,1,100000,2,tabnet,4.04894,1.58304,0.152698,,,,,,,,,,14,1087.52,1036419,"[100, 100]","[10, 10]",10
1000000,1000000,10000,FALSE,1,0.001,1,100000,3,tabnet,4.93648,1.73879,0.199764,,,,,,,,,,22,1663.02,1036419,"[100, 100]","[10, 10]",10
1000000,1000000,10000,FALSE,1,0.001,1,100000,4,tabnet,5.00875,1.74826,0.119712,,,,,,,,,,14,1088.32,1036419,"[100, 100]","[10, 10]",10
1000000,1000000,10000,FALSE,1,0.001,1,100000,5,tabnet,4.91932,1.71662,0.272527,,,,,,,,,,19,1447.02,1036419,"[100, 100]","[10, 10]",10
1000000,1000000,10000,FALSE,1,0.001,1,100000,6,tabnet,3.8525,1.5027,0.416609,,,,,,,,,,22,1663.63,1036419,"[100, 100]","[10, 10]",10
1000000,1000000,10000,FALSE,1,0.001,1,100000,7,tabnet,4.10958,1.57932,0.237799,,,,,,,,,,20,1519.43,1036419,"[100, 100]","[10, 10]",10
1000000,1000000,10000,FALSE,1,0.001,1,100000,8,tabnet,4.53113,1.66856,0.214592,,,,,,,,,,21,1590.9,1036419,"[100, 100]","[10, 10]",10
1000000,1000000,10000,FALSE,1,0.001,1,100000,9,tabnet,4.89723,1.72134,0.110117,,,,,,,,,,14,1086.96,1036419,"[100, 100]","[10, 10]",10
100000,100000,1000,FALSE,1,0.001,1,10000,0,lmmnn,3.32197,1.43176,0.316744,,,,,,3.01409,0.889296,2044.23,2044.84,145,8346.16,233,"[100, 100]","[10, 10]",10
100000,100000,1000,FALSE,1,0.001,1,10000,1,lmmnn,4.51854,1.65953,0.255888,,,,,,4.13552,0.924445,2189.92,2191.67,194,11226.7,233,"[100, 100]","[10, 10]",10
100000,100000,1000,FALSE,1,0.001,1,10000,2,lmmnn,3.71533,1.49927,0.439017,,,,,,3.3593,2.24935,2126.4,2129.47,153,8844.04,233,"[100, 100]","[10, 10]",10
1000000,1000000,1000,FALSE,1,0.001,1,100000,0,lmmnn,3.51782,1.46402,0.382963,,,,,,2.47981,2.24194,2103.71,2106.01,10,36236.6,233,"[100, 100]","[10, 10]",10
1000000,1000000,1000,FALSE,1,0.001,1,100000,1,lmmnn,3.50743,1.46327,0.381528,,,,,,2.27183,2.18476,2099.52,2102.51,10,36524.2,233,"[100, 100]","[10, 10]",10
