,n_train,n_test,batch,pred_unknown,sig2e,beta,sig2b0,sig2b1,sig2b2,q0,q1,q2,experiment,exp_type,auc,logloss,accuracy,frobenius,spearman,nrmse,auc_embed,metric_pre_post,sig2e_est,sig2b_est0,sig2b_est1,sig2b_est2,nll_train,nll_test,n_epochs,time,n_params,encoder,decoder,patience
0,100000,100000,10000,FALSE,1,0.1,1,1,1,10000,10000,10000,0,ignore,0.794441,0.548426,0.71826,,,,,,,,,,,,309,24.6229,231,"[100, 100]","[10, 10]",10
1,100000,100000,10000,FALSE,1,0.1,1,1,1,10000,10000,10000,0,mean-encoding,0.792291,0.551072,0.71706,,,,,,,,,,,,113,21.7231,531,"[100, 100]","[10, 10]",10
2,100000,100000,10000,FALSE,1,0.1,1,1,1,10000,10000,10000,0,embeddings,0.800344,0.668201,0.72474,0.953961,0.0950726,0.356692,0.636549,,,0.00636636,0.00497485,0.00608468,,,27,6.11915,300531,"[100, 100]","[10, 10]",10
3,100000,100000,10000,FALSE,1,0.1,1,1,1,10000,10000,10000,0,embeddings-l2,0.797006,0.546117,0.72153,0.999731,0.0751163,0.373801,0.5,,,2.72E-07,1.31E-07,2.82E-07,,,72,13.0196,300531,"[100, 100]","[10, 10]",10
4,100000,100000,10000,FALSE,1,0.1,1,1,1,10000,10000,10000,0,hashing,0.779956,0.568579,0.70627,,,,,,,,,,,,26,85.6376,30951,"[100, 100]","[10, 10]",10
5,100000,100000,10000,FALSE,1,0.1,1,1,1,10000,10000,10000,0,regbeddings,0.78326,0.561111,0.71123,0.970287,0.095107,0.362784,0.649209,,,0.00299116,0.00181035,0.00253996,,,71,30.7224,600531,"[100, 100]","[10, 10]",10
6,100000,100000,10000,FALSE,1,0.1,1,1,1,10000,10000,10000,0,tabtransformer,0.673988,0.989554,0.62572,,,,,,,,,,,,14,88.4922,306829,"[100, 100]","[10, 10]",10
7,100000,100000,10000,FALSE,1,0.1,1,1,1,10000,10000,10000,0,unified,0.799318,0.642389,0.72594,,,,,,,,,,,,28,84.0231,10486291,"[100, 100]","[10, 10]",10
8,100000,100000,10000,FALSE,1,0.1,1,1,1,10000,10000,10000,0,mmbeddings,0.816422,0.594262,0.73383,0.763093,0.0274676,0.285452,0.603156,,,0.160771,0.153133,0.157754,,,68,118.031,17891,"[100, 100]","[10, 10]",10
9,100000,100000,10000,FALSE,1,0.1,1,1,1,10000,10000,10000,1,ignore,0.815871,0.524862,0.73864,,,,,,,,,,,,121,11.1594,231,"[100, 100]","[10, 10]",10
10,100000,100000,10000,FALSE,1,0.1,1,1,1,10000,10000,10000,1,mean-encoding,0.814892,0.52601,0.73851,,,,,,,,,,,,109,11.5412,531,"[100, 100]","[10, 10]",10
11,100000,100000,10000,FALSE,1,0.1,1,1,1,10000,10000,10000,1,embeddings,0.794761,0.672491,0.72112,0.950995,0.0883949,0.338248,0.571386,,,0.005669,0.00640458,0.0053572,,,28,7.21089,300531,"[100, 100]","[10, 10]",10
12,100000,100000,10000,FALSE,1,0.1,1,1,1,10000,10000,10000,1,embeddings-l2,0.81858,0.521775,0.74119,0.999763,0.0521562,0.35561,0.5,,,1.13E-07,2.63E-07,1.17E-07,,,63,21.9892,300531,"[100, 100]","[10, 10]",10
13,100000,100000,10000,FALSE,1,0.1,1,1,1,10000,10000,10000,1,hashing,0.805003,0.540149,0.72819,,,,,,,,,,,,29,74.3471,30951,"[100, 100]","[10, 10]",10
14,100000,100000,10000,FALSE,1,0.1,1,1,1,10000,10000,10000,1,regbeddings,0.805077,0.537891,0.73037,0.972482,0.115302,0.345894,0.598281,,,0.00136776,0.00240967,0.00180024,,,73,43.8795,600531,"[100, 100]","[10, 10]",10
15,100000,100000,10000,FALSE,1,0.1,1,1,1,10000,10000,10000,1,tabtransformer,0.687908,0.964392,0.63655,,,,,,,,,,,,14,55.7548,306829,"[100, 100]","[10, 10]",10
16,100000,100000,10000,FALSE,1,0.1,1,1,1,10000,10000,10000,1,unified,0.803088,0.638648,0.72536,,,,,,,,,,,,24,83.4242,10486291,"[100, 100]","[10, 10]",10
17,100000,100000,10000,FALSE,1,0.1,1,1,1,10000,10000,10000,1,mmbeddings,0.825358,0.573386,0.74207,0.753127,0.0293419,0.267928,0.532874,,,0.153219,0.160875,0.155224,,,96,105.117,17891,"[100, 100]","[10, 10]",10
18,100000,100000,10000,FALSE,1,0.1,1,1,1,10000,10000,10000,2,ignore,0.817278,0.522691,0.73964,,,,,,,,,,,,208,21.7939,231,"[100, 100]","[10, 10]",10
19,100000,100000,10000,FALSE,1,0.1,1,1,1,10000,10000,10000,2,mean-encoding,0.815855,0.524605,0.73786,,,,,,,,,,,,115,12.5955,531,"[100, 100]","[10, 10]",10
20,100000,100000,10000,FALSE,1,0.1,1,1,1,10000,10000,10000,2,embeddings,0.815342,0.639191,0.7379,0.952726,0.108035,0.337773,0.577372,,,0.00449672,0.00510468,0.0050852,,,25,7.31422,300531,"[100, 100]","[10, 10]",10
21,100000,100000,10000,FALSE,1,0.1,1,1,1,10000,10000,10000,2,embeddings-l2,0.823002,0.516101,0.74449,0.999626,0.0864727,0.354354,0.5,,,1.97E-07,5.00E-07,3.81E-07,,,63,12.2937,300531,"[100, 100]","[10, 10]",10
22,100000,100000,10000,FALSE,1,0.1,1,1,1,10000,10000,10000,2,hashing,0.798057,0.556572,0.72327,,,,,,,,,,,,47,118.719,30951,"[100, 100]","[10, 10]",10
23,100000,100000,10000,FALSE,1,0.1,1,1,1,10000,10000,10000,2,regbeddings,0.805301,0.537234,0.72886,0.975965,0.0989366,0.34597,0.575257,,,0.000919654,0.00169465,0.0011667,,,65,27.8383,600531,"[100, 100]","[10, 10]",10
24,100000,100000,10000,FALSE,1,0.1,1,1,1,10000,10000,10000,2,tabtransformer,0.688203,0.959689,0.63733,,,,,,,,,,,,14,55.3697,306829,"[100, 100]","[10, 10]",10
25,100000,100000,10000,FALSE,1,0.1,1,1,1,10000,10000,10000,2,unified,0.803805,0.663821,0.73094,,,,,,,,,,,,27,66.9579,10486291,"[100, 100]","[10, 10]",10
26,100000,100000,10000,FALSE,1,0.1,1,1,1,10000,10000,10000,2,mmbeddings,0.833508,0.560768,0.74877,0.739637,0.0337807,0.262311,0.550821,,,0.153519,0.1592,0.156403,,,86,106.225,17891,"[100, 100]","[10, 10]",10
27,100000,100000,10000,FALSE,1,0.1,1,1,1,10000,10000,10000,3,ignore,0.800878,0.541388,0.72455,,,,,,,,,,,,176,21.4303,231,"[100, 100]","[10, 10]",10
28,100000,100000,10000,FALSE,1,0.1,1,1,1,10000,10000,10000,3,mean-encoding,0.798532,0.544361,0.72337,,,,,,,,,,,,189,18.4259,531,"[100, 100]","[10, 10]",10
29,100000,100000,10000,FALSE,1,0.1,1,1,1,10000,10000,10000,3,embeddings,0.802661,0.661132,0.72718,0.95432,0.104096,0.359288,0.618215,,,0.0061058,0.00537432,0.00511839,,,27,11.722,300531,"[100, 100]","[10, 10]",10
30,100000,100000,10000,FALSE,1,0.1,1,1,1,10000,10000,10000,3,embeddings-l2,0.809993,0.531256,0.73174,0.999591,0.0864558,0.376378,0.5,,,8.02E-07,3.07E-07,5.06E-07,,,100,17.3907,300531,"[100, 100]","[10, 10]",10
31,100000,100000,10000,FALSE,1,0.1,1,1,1,10000,10000,10000,3,hashing,0.787287,0.560613,0.71375,,,,,,,,,,,,31,79.6817,30951,"[100, 100]","[10, 10]",10
32,100000,100000,10000,FALSE,1,0.1,1,1,1,10000,10000,10000,3,regbeddings,0.787344,0.556661,0.71483,0.973632,0.10126,0.366607,0.633689,,,0.0027302,0.00128415,0.00174538,,,66,43.8155,600531,"[100, 100]","[10, 10]",10
33,100000,100000,10000,FALSE,1,0.1,1,1,1,10000,10000,10000,3,tabtransformer,0.676711,1.02193,0.6246,,,,,,,,,,,,16,89.6226,306829,"[100, 100]","[10, 10]",10
34,100000,100000,10000,FALSE,1,0.1,1,1,1,10000,10000,10000,3,unified,0.800569,0.665539,0.72755,,,,,,,,,,,,25,65.5636,10486291,"[100, 100]","[10, 10]",10
35,100000,100000,10000,FALSE,1,0.1,1,1,1,10000,10000,10000,3,mmbeddings,0.821537,0.579296,0.73953,0.763007,0.0321307,0.287164,0.58328,,,0.162182,0.155533,0.153091,,,78,86.5049,17891,"[100, 100]","[10, 10]",10
36,100000,100000,10000,FALSE,1,0.1,1,1,1,10000,10000,10000,4,ignore,0.817602,0.522305,0.74013,,,,,,,,,,,,163,13.1822,231,"[100, 100]","[10, 10]",10
37,100000,100000,10000,FALSE,1,0.1,1,1,1,10000,10000,10000,4,mean-encoding,0.816433,0.523807,0.73853,,,,,,,,,,,,148,15.6479,531,"[100, 100]","[10, 10]",10
38,100000,100000,10000,FALSE,1,0.1,1,1,1,10000,10000,10000,4,embeddings,0.80734,0.631738,0.73044,0.954311,0.0821091,0.362681,0.549277,,,0.0046238,0.00563554,0.00483538,,,25,7.10065,300531,"[100, 100]","[10, 10]",10
39,100000,100000,10000,FALSE,1,0.1,1,1,1,10000,10000,10000,4,embeddings-l2,0.822549,0.516411,0.74347,0.999667,0.0569892,0.379927,0.5,,,2.50E-07,4.63E-07,2.31E-07,,,68,12.7978,300531,"[100, 100]","[10, 10]",10
40,100000,100000,10000,FALSE,1,0.1,1,1,1,10000,10000,10000,4,hashing,0.801687,0.544881,0.72532,,,,,,,,,,,,25,70.0413,30951,"[100, 100]","[10, 10]",10
41,100000,100000,10000,FALSE,1,0.1,1,1,1,10000,10000,10000,4,regbeddings,0.814062,0.526986,0.73644,0.965556,0.0960156,0.366921,0.539861,,,0.00198735,0.00487842,0.00236442,,,97,43.7921,600531,"[100, 100]","[10, 10]",10
42,100000,100000,10000,FALSE,1,0.1,1,1,1,10000,10000,10000,4,tabtransformer,0.674207,1.00147,0.62499,,,,,,,,,,,,13,89.5289,306829,"[100, 100]","[10, 10]",10
43,100000,100000,10000,FALSE,1,0.1,1,1,1,10000,10000,10000,4,unified,0.800847,0.634326,0.72401,,,,,,,,,,,,27,72.2778,10486291,"[100, 100]","[10, 10]",10
44,100000,100000,10000,FALSE,1,0.1,1,1,1,10000,10000,10000,4,mmbeddings,0.825984,0.565515,0.74347,0.751548,0.0390623,0.285651,0.522038,,,0.156259,0.158966,0.155914,,,84,94.9159,17891,"[100, 100]","[10, 10]",10
45,100000,100000,10000,FALSE,1,0.1,1,1,1,10000,10000,10000,5,ignore,0.826372,0.511486,0.74874,,,,,,,,,,,,218,17.3049,231,"[100, 100]","[10, 10]",10
46,100000,100000,10000,FALSE,1,0.1,1,1,1,10000,10000,10000,5,mean-encoding,0.824689,0.514068,0.74648,,,,,,,,,,,,120,12.7689,531,"[100, 100]","[10, 10]",10
47,100000,100000,10000,FALSE,1,0.1,1,1,1,10000,10000,10000,5,embeddings,0.797136,0.656326,0.72404,0.952561,0.0683425,0.367426,0.615416,,,0.00506326,0.00536138,0.00548731,,,27,6.59661,300531,"[100, 100]","[10, 10]",10
48,100000,100000,10000,FALSE,1,0.1,1,1,1,10000,10000,10000,5,embeddings-l2,0.831849,0.504801,0.75343,0.99962,0.0671285,0.385699,0.5,,,3.30E-07,4.83E-07,4.07E-07,,,90,16.31,300531,"[100, 100]","[10, 10]",10
49,100000,100000,10000,FALSE,1,0.1,1,1,1,10000,10000,10000,5,hashing,0.809518,0.536972,0.73245,,,,,,,,,,,,27,85.643,30951,"[100, 100]","[10, 10]",10
50,100000,100000,10000,FALSE,1,0.1,1,1,1,10000,10000,10000,5,regbeddings,0.819746,0.520738,0.74341,0.965715,0.083421,0.372561,0.624903,,,0.00191805,0.00374816,0.00336421,,,101,40.1715,600531,"[100, 100]","[10, 10]",10
51,100000,100000,10000,FALSE,1,0.1,1,1,1,10000,10000,10000,5,tabtransformer,0.624295,0.810547,0.58659,,,,,,,,,,,,16,62.4036,306829,"[100, 100]","[10, 10]",10
52,100000,100000,10000,FALSE,1,0.1,1,1,1,10000,10000,10000,5,unified,0.799681,0.666826,0.72465,,,,,,,,,,,,27,83.4312,10486291,"[100, 100]","[10, 10]",10
53,100000,100000,10000,FALSE,1,0.1,1,1,1,10000,10000,10000,5,mmbeddings,0.830668,0.571384,0.74307,0.750405,0.0144752,0.288843,0.516619,,,0.156587,0.156585,0.156149,,,111,114.056,17891,"[100, 100]","[10, 10]",10
54,100000,100000,10000,FALSE,1,0.1,1,1,1,10000,10000,10000,6,ignore,0.798887,0.544385,0.72402,,,,,,,,,,,,127,11.0243,231,"[100, 100]","[10, 10]",10
55,100000,100000,10000,FALSE,1,0.1,1,1,1,10000,10000,10000,6,mean-encoding,0.797116,0.546251,0.72229,,,,,,,,,,,,128,21.6962,531,"[100, 100]","[10, 10]",10
56,100000,100000,10000,FALSE,1,0.1,1,1,1,10000,10000,10000,6,embeddings,0.79464,0.660371,0.72219,0.954047,0.0841434,0.341012,0.557841,,,0.00631917,0.00491482,0.00540124,,,27,11.9261,300531,"[100, 100]","[10, 10]",10
57,100000,100000,10000,FALSE,1,0.1,1,1,1,10000,10000,10000,6,embeddings-l2,0.798304,0.545246,0.72401,0.99979,0.0550821,0.357397,0.5,,,2.37E-07,7.31E-08,1.10E-07,,,64,12.5248,300531,"[100, 100]","[10, 10]",10
58,100000,100000,10000,FALSE,1,0.1,1,1,1,10000,10000,10000,6,hashing,0.786393,0.561679,0.71377,,,,,,,,,,,,29,84.7345,30951,"[100, 100]","[10, 10]",10
59,100000,100000,10000,FALSE,1,0.1,1,1,1,10000,10000,10000,6,regbeddings,0.79402,0.550167,0.72198,0.960833,0.0979,0.343565,0.583372,,,0.00897269,0.0023457,0.00329537,,,106,43.0082,600531,"[100, 100]","[10, 10]",10
60,100000,100000,10000,FALSE,1,0.1,1,1,1,10000,10000,10000,6,tabtransformer,0.678499,0.975626,0.63018,,,,,,,,,,,,14,89.6652,306829,"[100, 100]","[10, 10]",10
61,100000,100000,10000,FALSE,1,0.1,1,1,1,10000,10000,10000,6,unified,0.802388,0.663996,0.72233,,,,,,,,,,,,25,63.7236,10486291,"[100, 100]","[10, 10]",10
62,100000,100000,10000,FALSE,1,0.1,1,1,1,10000,10000,10000,6,mmbeddings,0.817735,0.575176,0.73446,0.76025,0.0181533,0.271498,0.544366,,,0.159819,0.152297,0.153332,,,82,108.755,17891,"[100, 100]","[10, 10]",10
63,100000,100000,10000,FALSE,1,0.1,1,1,1,10000,10000,10000,7,ignore,0.818876,0.520968,0.74176,,,,,,,,,,,,205,22.293,231,"[100, 100]","[10, 10]",10
64,100000,100000,10000,FALSE,1,0.1,1,1,1,10000,10000,10000,7,mean-encoding,0.818345,0.521621,0.74125,,,,,,,,,,,,113,12.3195,531,"[100, 100]","[10, 10]",10
65,100000,100000,10000,FALSE,1,0.1,1,1,1,10000,10000,10000,7,embeddings,0.806211,0.660696,0.73187,0.950623,0.0815282,0.345305,0.590173,,,0.00536083,0.005721,0.00521678,,,26,6.60621,300531,"[100, 100]","[10, 10]",10
66,100000,100000,10000,FALSE,1,0.1,1,1,1,10000,10000,10000,7,embeddings-l2,0.824843,0.513628,0.74636,0.999641,0.0597815,0.363205,0.5,,,2.56E-07,5.33E-07,2.58E-07,,,86,16.2881,300531,"[100, 100]","[10, 10]",10
67,100000,100000,10000,FALSE,1,0.1,1,1,1,10000,10000,10000,7,hashing,0.804633,0.548061,0.72728,,,,,,,,,,,,50,137.788,30951,"[100, 100]","[10, 10]",10
68,100000,100000,10000,FALSE,1,0.1,1,1,1,10000,10000,10000,7,regbeddings,0.814153,0.526944,0.73744,0.969789,0.0904469,0.352478,0.580506,,,0.00152091,0.00408718,0.0013197,,,80,33.2931,600531,"[100, 100]","[10, 10]",10
69,100000,100000,10000,FALSE,1,0.1,1,1,1,10000,10000,10000,7,tabtransformer,0.680717,1.04319,0.62998,,,,,,,,,,,,14,55.4267,306829,"[100, 100]","[10, 10]",10
70,100000,100000,10000,FALSE,1,0.1,1,1,1,10000,10000,10000,7,unified,0.799886,0.656431,0.7265,,,,,,,,,,,,25,65.3092,10486291,"[100, 100]","[10, 10]",10
71,100000,100000,10000,FALSE,1,0.1,1,1,1,10000,10000,10000,7,mmbeddings,0.824627,0.570637,0.74243,0.742857,0.0219398,0.26945,0.529973,,,0.155715,0.15838,0.152354,,,76,127.716,17891,"[100, 100]","[10, 10]",10
72,100000,100000,10000,FALSE,1,0.1,1,1,1,10000,10000,10000,8,ignore,0.813901,0.527078,0.73687,,,,,,,,,,,,343,26.2767,231,"[100, 100]","[10, 10]",10
73,100000,100000,10000,FALSE,1,0.1,1,1,1,10000,10000,10000,8,mean-encoding,0.812288,0.529194,0.73528,,,,,,,,,,,,128,21.7481,531,"[100, 100]","[10, 10]",10
74,100000,100000,10000,FALSE,1,0.1,1,1,1,10000,10000,10000,8,embeddings,0.793201,0.679829,0.71962,0.956694,0.072203,0.382376,0.555632,,,0.00546854,0.00413635,0.004575,,,26,5.9404,300531,"[100, 100]","[10, 10]",10
75,100000,100000,10000,FALSE,1,0.1,1,1,1,10000,10000,10000,8,embeddings-l2,0.815924,0.525052,0.73972,0.999703,0.066687,0.399556,0.5,,,3.94E-07,1.56E-07,2.27E-07,,,72,22.9584,300531,"[100, 100]","[10, 10]",10
76,100000,100000,10000,FALSE,1,0.1,1,1,1,10000,10000,10000,8,hashing,0.798794,0.547184,0.72319,,,,,,,,,,,,23,68.0861,30951,"[100, 100]","[10, 10]",10
77,100000,100000,10000,FALSE,1,0.1,1,1,1,10000,10000,10000,8,regbeddings,0.800632,0.542919,0.72688,0.974224,0.0844216,0.389379,0.558608,,,0.0021803,0.00132029,0.00147196,,,66,43.8461,600531,"[100, 100]","[10, 10]",10
78,100000,100000,10000,FALSE,1,0.1,1,1,1,10000,10000,10000,8,tabtransformer,0.659064,1.05446,0.6119,,,,,,,,,,,,15,58.8977,306829,"[100, 100]","[10, 10]",10
79,100000,100000,10000,FALSE,1,0.1,1,1,1,10000,10000,10000,8,unified,0.795455,0.658231,0.72292,,,,,,,,,,,,26,83.4548,10486291,"[100, 100]","[10, 10]",10
80,100000,100000,10000,FALSE,1,0.1,1,1,1,10000,10000,10000,8,mmbeddings,0.824307,0.581001,0.73963,0.75441,0.0246889,0.301649,0.539424,,,0.161787,0.153441,0.153086,,,85,107.516,17891,"[100, 100]","[10, 10]",10
81,100000,100000,10000,FALSE,1,0.1,1,1,1,10000,10000,10000,9,ignore,0.782522,0.561253,0.71103,,,,,,,,,,,,150,21.3984,231,"[100, 100]","[10, 10]",10
82,100000,100000,10000,FALSE,1,0.1,1,1,1,10000,10000,10000,9,mean-encoding,0.781495,0.562178,0.7097,,,,,,,,,,,,148,14.5989,531,"[100, 100]","[10, 10]",10
83,100000,100000,10000,FALSE,1,0.1,1,1,1,10000,10000,10000,9,embeddings,0.834867,0.617463,0.75275,0.95283,0.176538,0.351722,0.569045,,,0.00521962,0.00480957,0.00600202,,,26,7.16454,300531,"[100, 100]","[10, 10]",10
84,100000,100000,10000,FALSE,1,0.1,1,1,1,10000,10000,10000,9,embeddings-l2,0.789377,0.554502,0.71659,0.999667,0.146481,0.368933,0.5,,,3.68E-07,2.16E-07,3.38E-07,,,73,13.2183,300531,"[100, 100]","[10, 10]",10
85,100000,100000,10000,FALSE,1,0.1,1,1,1,10000,10000,10000,9,hashing,0.776012,0.571323,0.7042,,,,,,,,,,,,25,71.9599,30951,"[100, 100]","[10, 10]",10
86,100000,100000,10000,FALSE,1,0.1,1,1,1,10000,10000,10000,9,regbeddings,0.783521,0.56088,0.71084,0.952647,0.172616,0.352143,0.58542,,,0.00586099,0.00169304,0.0129429,,,94,37.3927,600531,"[100, 100]","[10, 10]",10
87,100000,100000,10000,FALSE,1,0.1,1,1,1,10000,10000,10000,9,tabtransformer,0.741015,0.889384,0.67836,,,,,,,,,,,,15,90.1901,306829,"[100, 100]","[10, 10]",10
88,100000,100000,10000,FALSE,1,0.1,1,1,1,10000,10000,10000,9,unified,0.828438,0.630483,0.74729,,,,,,,,,,,,29,77.3964,10486291,"[100, 100]","[10, 10]",10
89,100000,100000,10000,FALSE,1,0.1,1,1,1,10000,10000,10000,9,mmbeddings,0.834395,0.554154,0.75364,0.749212,0.0663644,0.276575,0.545668,,,0.160286,0.155728,0.162418,,,82,95.9954,17891,"[100, 100]","[10, 10]",10
90,100000,100000,10000,FALSE,1,0.1,1,1,1,10000,10000,10000,10,ignore,0.814243,0.525909,0.73546,,,,,,,,,,,,138,11.5734,231,"[100, 100]","[10, 10]",10
91,100000,100000,10000,FALSE,1,0.1,1,1,1,10000,10000,10000,10,mean-encoding,0.812422,0.528143,0.73372,,,,,,,,,,,,249,24.1555,531,"[100, 100]","[10, 10]",10
92,100000,100000,10000,FALSE,1,0.1,1,1,1,10000,10000,10000,10,embeddings,0.803928,0.656639,0.73095,0.951755,0.0874654,0.350615,0.53205,,,0.00496062,0.00540743,0.00550473,,,27,6.54391,300531,"[100, 100]","[10, 10]",10
93,100000,100000,10000,FALSE,1,0.1,1,1,1,10000,10000,10000,10,embeddings-l2,0.820146,0.519162,0.7416,0.999618,0.0852192,0.368232,0.5,,,3.95E-07,2.64E-07,4.92E-07,,,85,21.9465,300531,"[100, 100]","[10, 10]",10
94,100000,100000,10000,FALSE,1,0.1,1,1,1,10000,10000,10000,10,hashing,0.802734,0.548107,0.72684,,,,,,,,,,,,47,145.521,30951,"[100, 100]","[10, 10]",10
95,100000,100000,10000,FALSE,1,0.1,1,1,1,10000,10000,10000,10,regbeddings,0.811165,0.530241,0.73377,0.959498,0.106493,0.353468,0.567689,,,0.0042526,0.00238913,0.00544347,,,118,47.6472,600531,"[100, 100]","[10, 10]",10
96,100000,100000,10000,FALSE,1,0.1,1,1,1,10000,10000,10000,10,tabtransformer,0.698957,0.963078,0.6451,,,,,,,,,,,,16,88.2961,306829,"[100, 100]","[10, 10]",10
97,100000,100000,10000,FALSE,1,0.1,1,1,1,10000,10000,10000,10,unified,0.808135,0.65627,0.7311,,,,,,,,,,,,27,83.4489,10486291,"[100, 100]","[10, 10]",10
98,100000,100000,10000,FALSE,1,0.1,1,1,1,10000,10000,10000,10,mmbeddings,0.831251,0.560428,0.74664,0.74239,0.0204457,0.273518,0.522534,,,0.157146,0.154345,0.159141,,,103,108.101,17891,"[100, 100]","[10, 10]",10
99,100000,100000,10000,FALSE,1,0.1,1,1,1,10000,10000,10000,11,ignore,0.786814,0.557065,0.71434,,,,,,,,,,,,155,21.425,231,"[100, 100]","[10, 10]",10
100,100000,100000,10000,FALSE,1,0.1,1,1,1,10000,10000,10000,11,mean-encoding,0.785299,0.558834,0.71293,,,,,,,,,,,,167,23.4145,531,"[100, 100]","[10, 10]",10
101,100000,100000,10000,FALSE,1,0.1,1,1,1,10000,10000,10000,11,embeddings,0.804198,0.65339,0.72746,0.958664,0.110335,0.341975,0.627296,,,0.00515526,0.00517126,0.00461182,,,24,6.75686,300531,"[100, 100]","[10, 10]",10
102,100000,100000,10000,FALSE,1,0.1,1,1,1,10000,10000,10000,11,embeddings-l2,0.787393,0.556846,0.71548,0.999843,0.0683834,0.356667,0.5,,,9.61E-08,1.01E-07,4.91E-08,,,60,12.4158,300531,"[100, 100]","[10, 10]",10
103,100000,100000,10000,FALSE,1,0.1,1,1,1,10000,10000,10000,11,hashing,0.77767,0.572834,0.7062,,,,,,,,,,,,44,125.829,30951,"[100, 100]","[10, 10]",10
104,100000,100000,10000,FALSE,1,0.1,1,1,1,10000,10000,10000,11,regbeddings,0.774384,0.570082,0.70413,0.973754,0.089024,0.347343,0.629924,,,0.00195215,0.00266986,0.0014465,,,66,27.921,600531,"[100, 100]","[10, 10]",10
105,100000,100000,10000,FALSE,1,0.1,1,1,1,10000,10000,10000,11,tabtransformer,0.685547,1.10386,0.63223,,,,,,,,,,,,15,59.9384,306829,"[100, 100]","[10, 10]",10
106,100000,100000,10000,FALSE,1,0.1,1,1,1,10000,10000,10000,11,unified,0.79451,0.666997,0.72119,,,,,,,,,,,,29,83.5924,10486291,"[100, 100]","[10, 10]",10
107,100000,100000,10000,FALSE,1,0.1,1,1,1,10000,10000,10000,11,mmbeddings,0.81284,0.591144,0.72892,0.771303,0.0345857,0.275161,0.520388,,,0.159711,0.157449,0.156106,,,95,99.4006,17891,"[100, 100]","[10, 10]",10
108,100000,100000,10000,FALSE,1,0.1,1,1,1,10000,10000,10000,12,ignore,0.788904,0.554386,0.71511,,,,,,,,,,,,168,13.5998,231,"[100, 100]","[10, 10]",10
109,100000,100000,10000,FALSE,1,0.1,1,1,1,10000,10000,10000,12,mean-encoding,0.787683,0.556077,0.71399,,,,,,,,,,,,183,17.4042,531,"[100, 100]","[10, 10]",10
110,100000,100000,10000,FALSE,1,0.1,1,1,1,10000,10000,10000,12,embeddings,0.815873,0.633444,0.73677,0.950992,0.129999,0.37077,0.582897,,,0.0054697,0.00666884,0.00604853,,,27,6.69946,300531,"[100, 100]","[10, 10]",10
111,100000,100000,10000,FALSE,1,0.1,1,1,1,10000,10000,10000,12,embeddings-l2,0.798318,0.54463,0.7233,0.999617,0.0990304,0.389751,0.5,,,3.79E-07,6.70E-07,2.97E-07,,,88,16.003,300531,"[100, 100]","[10, 10]",10
112,100000,100000,10000,FALSE,1,0.1,1,1,1,10000,10000,10000,12,hashing,0.779649,0.568379,0.70743,,,,,,,,,,,,28,85.9851,30951,"[100, 100]","[10, 10]",10
113,100000,100000,10000,FALSE,1,0.1,1,1,1,10000,10000,10000,12,regbeddings,0.778499,0.565951,0.70796,0.972773,0.121833,0.379315,0.570453,,,0.00137523,0.00301103,0.00159348,,,58,24.3812,600531,"[100, 100]","[10, 10]",10
114,100000,100000,10000,FALSE,1,0.1,1,1,1,10000,10000,10000,12,tabtransformer,0.702326,1.0141,0.64785,,,,,,,,,,,,17,90.6934,306829,"[100, 100]","[10, 10]",10
115,100000,100000,10000,FALSE,1,0.1,1,1,1,10000,10000,10000,12,unified,0.803732,0.663304,0.72772,,,,,,,,,,,,30,83.5315,10486291,"[100, 100]","[10, 10]",10
116,100000,100000,10000,FALSE,1,0.1,1,1,1,10000,10000,10000,12,mmbeddings,0.825975,0.565977,0.74569,0.755035,0.0310713,0.294224,0.552356,,,0.157978,0.160151,0.156038,,,84,114.947,17891,"[100, 100]","[10, 10]",10
117,100000,100000,10000,FALSE,1,0.1,1,1,1,10000,10000,10000,13,ignore,0.801795,0.540883,0.72632,,,,,,,,,,,,216,18.6625,231,"[100, 100]","[10, 10]",10
118,100000,100000,10000,FALSE,1,0.1,1,1,1,10000,10000,10000,13,mean-encoding,0.799987,0.543071,0.72491,,,,,,,,,,,,213,21.7255,531,"[100, 100]","[10, 10]",10
119,100000,100000,10000,FALSE,1,0.1,1,1,1,10000,10000,10000,13,embeddings,0.795687,0.663672,0.72066,0.953711,0.0836216,0.342331,0.594325,,,0.00555881,0.00500554,0.00640363,,,27,7.9738,300531,"[100, 100]","[10, 10]",10
120,100000,100000,10000,FALSE,1,0.1,1,1,1,10000,10000,10000,13,embeddings-l2,0.807203,0.534895,0.73051,0.999684,0.0709104,0.358848,0.5,,,3.10E-07,2.10E-07,3.91E-07,,,77,14.1046,300531,"[100, 100]","[10, 10]",10
121,100000,100000,10000,FALSE,1,0.1,1,1,1,10000,10000,10000,13,hashing,0.786812,0.562482,0.71306,,,,,,,,,,,,33,91.7443,30951,"[100, 100]","[10, 10]",10
122,100000,100000,10000,FALSE,1,0.1,1,1,1,10000,10000,10000,13,regbeddings,0.78729,0.557612,0.71505,0.97755,0.0868209,0.350863,0.611025,,,0.000858306,0.00111612,0.00204562,,,56,24.6998,600531,"[100, 100]","[10, 10]",10
123,100000,100000,10000,FALSE,1,0.1,1,1,1,10000,10000,10000,13,tabtransformer,0.687876,1.0131,0.63481,,,,,,,,,,,,15,87.8102,306829,"[100, 100]","[10, 10]",10
124,100000,100000,10000,FALSE,1,0.1,1,1,1,10000,10000,10000,13,unified,0.799661,0.650666,0.72518,,,,,,,,,,,,25,84.1047,10486291,"[100, 100]","[10, 10]",10
125,100000,100000,10000,FALSE,1,0.1,1,1,1,10000,10000,10000,13,mmbeddings,0.812784,0.588641,0.73244,0.761964,0.0354999,0.273481,0.569575,,,0.154905,0.15383,0.157027,,,92,128.914,17891,"[100, 100]","[10, 10]",10
126,100000,100000,10000,FALSE,1,0.1,1,1,1,10000,10000,10000,14,ignore,0.77979,0.563947,0.70918,,,,,,,,,,,,161,21.4636,231,"[100, 100]","[10, 10]",10
127,100000,100000,10000,FALSE,1,0.1,1,1,1,10000,10000,10000,14,mean-encoding,0.778208,0.565748,0.70787,,,,,,,,,,,,153,16.0183,531,"[100, 100]","[10, 10]",10
128,100000,100000,10000,FALSE,1,0.1,1,1,1,10000,10000,10000,14,embeddings,0.814967,0.640477,0.73766,0.954495,0.133015,0.35833,0.651411,,,0.00603803,0.00572093,0.00512497,,,26,6.76576,300531,"[100, 100]","[10, 10]",10
129,100000,100000,10000,FALSE,1,0.1,1,1,1,10000,10000,10000,14,embeddings-l2,0.782647,0.561427,0.71105,0.999752,0.106633,0.375293,0.5,,,2.79E-07,1.66E-07,1.26E-07,,,65,12.503,300531,"[100, 100]","[10, 10]",10
130,100000,100000,10000,FALSE,1,0.1,1,1,1,10000,10000,10000,14,hashing,0.771743,0.575957,0.70064,,,,,,,,,,,,28,84.3377,30951,"[100, 100]","[10, 10]",10
131,100000,100000,10000,FALSE,1,0.1,1,1,1,10000,10000,10000,14,regbeddings,0.773622,0.570738,0.70371,0.965869,0.138459,0.362643,0.646089,,,0.00556295,0.0025148,0.0020298,,,75,32.0685,600531,"[100, 100]","[10, 10]",10
132,100000,100000,10000,FALSE,1,0.1,1,1,1,10000,10000,10000,14,tabtransformer,0.71209,0.913653,0.65567,,,,,,,,,,,,14,90.0829,306829,"[100, 100]","[10, 10]",10
133,100000,100000,10000,FALSE,1,0.1,1,1,1,10000,10000,10000,14,unified,0.812987,0.640461,0.7374,,,,,,,,,,,,27,83.5394,10486291,"[100, 100]","[10, 10]",10
134,100000,100000,10000,FALSE,1,0.1,1,1,1,10000,10000,10000,14,mmbeddings,0.820328,0.582653,0.74065,0.761368,0.0419216,0.285817,0.614865,,,0.161068,0.159758,0.15502,,,89,119.031,17891,"[100, 100]","[10, 10]",10
135,100000,100000,10000,FALSE,1,0.1,1,1,1,10000,10000,10000,15,ignore,0.792764,0.551065,0.72054,,,,,,,,,,,,155,21.6775,231,"[100, 100]","[10, 10]",10
136,100000,100000,10000,FALSE,1,0.1,1,1,1,10000,10000,10000,15,mean-encoding,0.791399,0.552499,0.71903,,,,,,,,,,,,120,12.5831,531,"[100, 100]","[10, 10]",10
137,100000,100000,10000,FALSE,1,0.1,1,1,1,10000,10000,10000,15,embeddings,0.79465,0.661615,0.72096,0.951876,0.0995232,0.375496,0.576593,,,0.00602719,0.00666712,0.00635791,,,28,11.6916,300531,"[100, 100]","[10, 10]",10
138,100000,100000,10000,FALSE,1,0.1,1,1,1,10000,10000,10000,15,embeddings-l2,0.795821,0.547843,0.72227,0.999758,0.0730941,0.394399,0.5,,,1.77E-07,1.88E-07,1.70E-07,,,62,22.1039,300531,"[100, 100]","[10, 10]",10
139,100000,100000,10000,FALSE,1,0.1,1,1,1,10000,10000,10000,15,hashing,0.779643,0.568309,0.70759,,,,,,,,,,,,25,65.166,30951,"[100, 100]","[10, 10]",10
140,100000,100000,10000,FALSE,1,0.1,1,1,1,10000,10000,10000,15,regbeddings,0.787817,0.556453,0.71629,0.969425,0.101639,0.382361,0.593993,,,0.00211682,0.00467063,0.00184962,,,84,43.854,600531,"[100, 100]","[10, 10]",10
141,100000,100000,10000,FALSE,1,0.1,1,1,1,10000,10000,10000,15,tabtransformer,0.683642,1.01647,0.63233,,,,,,,,,,,,15,88.7545,306829,"[100, 100]","[10, 10]",10
142,100000,100000,10000,FALSE,1,0.1,1,1,1,10000,10000,10000,15,unified,0.7991,0.679097,0.72503,,,,,,,,,,,,26,83.423,10486291,"[100, 100]","[10, 10]",10
143,100000,100000,10000,FALSE,1,0.1,1,1,1,10000,10000,10000,15,mmbeddings,0.81704,0.586821,0.73462,0.763745,0.0240866,0.301307,0.55864,,,0.161561,0.161683,0.156145,,,114,138.683,17891,"[100, 100]","[10, 10]",10
144,100000,100000,10000,FALSE,1,0.1,1,1,1,10000,10000,10000,16,ignore,0.789656,0.554299,0.71746,,,,,,,,,,,,198,15.398,231,"[100, 100]","[10, 10]",10
145,100000,100000,10000,FALSE,1,0.1,1,1,1,10000,10000,10000,16,mean-encoding,0.788176,0.555831,0.71652,,,,,,,,,,,,135,21.6787,531,"[100, 100]","[10, 10]",10
146,100000,100000,10000,FALSE,1,0.1,1,1,1,10000,10000,10000,16,embeddings,0.780862,0.66638,0.70823,0.955189,0.0679532,0.360259,0.581731,,,0.00527015,0.00534379,0.005021,,,25,6.85601,300531,"[100, 100]","[10, 10]",10
147,100000,100000,10000,FALSE,1,0.1,1,1,1,10000,10000,10000,16,embeddings-l2,0.792115,0.551868,0.72013,0.999731,0.059298,0.377195,0.5,,,1.92E-07,2.93E-07,1.53E-07,,,80,22.0746,300531,"[100, 100]","[10, 10]",10
148,100000,100000,10000,FALSE,1,0.1,1,1,1,10000,10000,10000,16,hashing,0.77809,0.570707,0.70625,,,,,,,,,,,,27,79.6522,30951,"[100, 100]","[10, 10]",10
149,100000,100000,10000,FALSE,1,0.1,1,1,1,10000,10000,10000,16,regbeddings,0.777972,0.566899,0.70844,0.976057,0.0800752,0.368241,0.587832,,,0.0015968,0.0015969,0.00119976,,,52,23.1865,600531,"[100, 100]","[10, 10]",10
150,100000,100000,10000,FALSE,1,0.1,1,1,1,10000,10000,10000,16,tabtransformer,0.657778,1.10267,0.61374,,,,,,,,,,,,14,89.8151,306829,"[100, 100]","[10, 10]",10
151,100000,100000,10000,FALSE,1,0.1,1,1,1,10000,10000,10000,16,unified,0.780417,0.685512,0.70896,,,,,,,,,,,,26,60.1747,10486291,"[100, 100]","[10, 10]",10
152,100000,100000,10000,FALSE,1,0.1,1,1,1,10000,10000,10000,16,mmbeddings,0.80244,0.604662,0.72187,0.758147,0.00745873,0.285396,0.527825,,,0.156261,0.159239,0.154653,,,85,107.237,17891,"[100, 100]","[10, 10]",10
153,100000,100000,10000,FALSE,1,0.1,1,1,1,10000,10000,10000,17,ignore,0.796086,0.547025,0.72126,,,,,,,,,,,,130,11.2132,231,"[100, 100]","[10, 10]",10
154,100000,100000,10000,FALSE,1,0.1,1,1,1,10000,10000,10000,17,mean-encoding,0.794833,0.548391,0.72104,,,,,,,,,,,,168,16.5993,531,"[100, 100]","[10, 10]",10
155,100000,100000,10000,FALSE,1,0.1,1,1,1,10000,10000,10000,17,embeddings,0.814325,0.653494,0.73706,0.953069,0.118579,0.346947,0.574222,,,0.00568453,0.00535429,0.00619924,,,27,6.18476,300531,"[100, 100]","[10, 10]",10
156,100000,100000,10000,FALSE,1,0.1,1,1,1,10000,10000,10000,17,embeddings-l2,0.799648,0.543478,0.72403,0.999731,0.0925482,0.363957,0.5,,,2.46E-07,1.02E-07,3.34E-07,,,70,21.9778,300531,"[100, 100]","[10, 10]",10
157,100000,100000,10000,FALSE,1,0.1,1,1,1,10000,10000,10000,17,hashing,0.788225,0.560166,0.71334,,,,,,,,,,,,27,85.5506,30951,"[100, 100]","[10, 10]",10
158,100000,100000,10000,FALSE,1,0.1,1,1,1,10000,10000,10000,17,regbeddings,0.794746,0.54915,0.72103,0.958583,0.115765,0.348697,0.601213,,,0.00442332,0.00160828,0.0119464,,,97,39.9498,600531,"[100, 100]","[10, 10]",10
159,100000,100000,10000,FALSE,1,0.1,1,1,1,10000,10000,10000,17,tabtransformer,0.675501,0.916801,0.63502,,,,,,,,,,,,16,60.5923,306829,"[100, 100]","[10, 10]",10
160,100000,100000,10000,FALSE,1,0.1,1,1,1,10000,10000,10000,17,unified,0.814003,0.627044,0.7358,,,,,,,,,,,,26,83.4453,10486291,"[100, 100]","[10, 10]",10
161,100000,100000,10000,FALSE,1,0.1,1,1,1,10000,10000,10000,17,mmbeddings,0.827914,0.564973,0.74429,0.760791,0.0271839,0.276887,0.552187,,,0.160196,0.154828,0.161742,,,109,167.294,17891,"[100, 100]","[10, 10]",10
162,100000,100000,10000,FALSE,1,0.1,1,1,1,10000,10000,10000,18,ignore,0.824609,0.514174,0.74644,,,,,,,,,,,,248,23.338,231,"[100, 100]","[10, 10]",10
163,100000,100000,10000,FALSE,1,0.1,1,1,1,10000,10000,10000,18,mean-encoding,0.823381,0.515864,0.74562,,,,,,,,,,,,93,11.5619,531,"[100, 100]","[10, 10]",10
164,100000,100000,10000,FALSE,1,0.1,1,1,1,10000,10000,10000,18,embeddings,0.806324,0.657206,0.73055,0.952085,0.090304,0.362327,0.563265,,,0.00456611,0.00542892,0.00466896,,,26,11.815,300531,"[100, 100]","[10, 10]",10
165,100000,100000,10000,FALSE,1,0.1,1,1,1,10000,10000,10000,18,embeddings-l2,0.828314,0.509895,0.75028,0.999663,0.0692766,0.38047,0.5,,,2.44E-07,4.35E-07,1.67E-07,,,70,13.2485,300531,"[100, 100]","[10, 10]",10
166,100000,100000,10000,FALSE,1,0.1,1,1,1,10000,10000,10000,18,hashing,0.810327,0.534583,0.73405,,,,,,,,,,,,29,85.5783,30951,"[100, 100]","[10, 10]",10
167,100000,100000,10000,FALSE,1,0.1,1,1,1,10000,10000,10000,18,regbeddings,0.811511,0.530679,0.73569,0.970354,0.104537,0.369264,0.574121,,,0.00128237,0.00331055,0.00137678,,,69,44.0147,600531,"[100, 100]","[10, 10]",10
168,100000,100000,10000,FALSE,1,0.1,1,1,1,10000,10000,10000,18,tabtransformer,0.673774,1.09451,0.62586,,,,,,,,,,,,15,58.0815,306829,"[100, 100]","[10, 10]",10
169,100000,100000,10000,FALSE,1,0.1,1,1,1,10000,10000,10000,18,unified,0.807631,0.6471,0.73133,,,,,,,,,,,,26,83.4734,10486291,"[100, 100]","[10, 10]",10
170,100000,100000,10000,FALSE,1,0.1,1,1,1,10000,10000,10000,18,mmbeddings,0.834214,0.562994,0.74876,0.735773,0.0265778,0.279885,0.533104,,,0.155515,0.161751,0.157232,,,90,109.075,17891,"[100, 100]","[10, 10]",10
171,100000,100000,10000,FALSE,1,0.1,1,1,1,10000,10000,10000,19,ignore,0.804887,0.537838,0.72994,,,,,,,,,,,,116,11.1544,231,"[100, 100]","[10, 10]",10
172,100000,100000,10000,FALSE,1,0.1,1,1,1,10000,10000,10000,19,mean-encoding,0.804,0.538773,0.72988,,,,,,,,,,,,151,21.8489,531,"[100, 100]","[10, 10]",10
173,100000,100000,10000,FALSE,1,0.1,1,1,1,10000,10000,10000,19,embeddings,0.779082,0.692896,0.70917,0.955719,0.0502272,0.374548,0.588018,,,0.00549515,0.00493998,0.00556752,,,26,7.14688,300531,"[100, 100]","[10, 10]",10
174,100000,100000,10000,FALSE,1,0.1,1,1,1,10000,10000,10000,19,embeddings-l2,0.799122,0.544474,0.72533,0.999757,0.0438572,0.39187,0.5,,,2.32E-07,1.49E-07,1.52E-07,,,75,22.0679,300531,"[100, 100]","[10, 10]",10
175,100000,100000,10000,FALSE,1,0.1,1,1,1,10000,10000,10000,19,hashing,0.788515,0.558832,0.71605,,,,,,,,,,,,31,85.9434,30951,"[100, 100]","[10, 10]",10
176,100000,100000,10000,FALSE,1,0.1,1,1,1,10000,10000,10000,19,regbeddings,0.791589,0.552838,0.7199,0.975187,0.0720535,0.382212,0.591079,,,0.00169519,0.00155297,0.00184461,,,71,43.7888,600531,"[100, 100]","[10, 10]",10
177,100000,100000,10000,FALSE,1,0.1,1,1,1,10000,10000,10000,19,tabtransformer,0.636774,1.03,0.59438,,,,,,,,,,,,19,88.2563,306829,"[100, 100]","[10, 10]",10
178,100000,100000,10000,FALSE,1,0.1,1,1,1,10000,10000,10000,19,unified,0.778409,0.669978,0.70848,,,,,,,,,,,,26,83.6573,10486291,"[100, 100]","[10, 10]",10
179,100000,100000,10000,FALSE,1,0.1,1,1,1,10000,10000,10000,19,mmbeddings,0.806179,0.605236,0.72177,0.766845,0.0258352,0.300229,0.566881,,,0.155978,0.153256,0.153131,,,106,160.588,17891,"[100, 100]","[10, 10]",10
